,Unnamed: 0,req1,req1_id,req2,req2_id,similarity,cosine,BinaryClass,MultiClass,Id,Labelled
0,19298,it shall be possible to send plain text messages from track to train,4.8.8.1,it shall be possible to send fixed text messages from track to train,4.8.9.1,0,0.876351105,1,3,0,M
1,14651,when changing to a lower speed level the front end of the train shall respect the dynamic train speed profile,4.3.2.2a,when changing to a higher speed level the rear end of the train shall respect the static train speed profile,4.3.2.2b,0,0.81438335,1,4,1,M
3,15242,the release speed shall be indicated on the dmi,4.3.3.2c,actual speed shall be indicated on the dmi,4.3.51a,0,0.771651025,1,4,2,M
5,10114,the train shall leave partial supervision when the trainborne equipment is not operative any longer when shunting is selected or when full supervision is available,4.1.4.6,the trainborne equipment shall remain in full supervision until the trainborne equipment is not active any longer when shunting is selected or when partial supervision information is received,4.1.5.5,0,0.760907109,1,2,3,M
6,9720,in partial supervision the train shall be supervised according to train speed and distance data available,4.1.4.4a,the train shall be supervised according to train speed data available,4.2.3.6a,0,0.753833371,1,4,4,M
8,12290,the etcs on-board shall be capable of receiving track description from the trackside,4.1.1.1,the etcs on-board shall be capable of receiving information regarding air tightness from the trackside,4.8.2.1,0,0.706077774,1,1,5,M
9,15905,actual speed shall be indicated on the dmi,4.3.51a,actual speed shall still be shown on the dmi,4.5.2.4,0,0.706077774,1,3,6,M
11,5962,the driver shall be able to consult train data when the train is stationary or moving,4.1.2.9,the driver shall be able to override the function when the train is stationary,4.6.4.2,0,0.698530102,1,1,7,M
12,18301,a special indication shall be shown on the dmi,4.5.2.5a,information shall be shown on the dmi,4.8.10.2,0,0.673520505,1,3,8,M
13,18887,operation of the train trip shall be indicated on the dmi,4.6.12.2,on demand the position of the front end of the train at the time of the demand shall be indicated on the dmi this shall be possible while the train is moving or stationary,4.7.3.2,0,0.673157451,1,4,9,M
14,1376,the current application level shall be indicated on the dmi,3.2.1.3d,the current operational status shall be indicated to the driver on the dmi,3.9.1.6,0,0.671356907,1,4,10,M
17,17558,it shall be possible to use multiple traction units without isolating the etcs trainborne equipment on traction unit(s) with an in-operative cab,4.4.1.1,it shall be possible to use tandem traction units without isolating the etcs trainborne equipment on the tandem traction unit,4.4.2.1,0,0.658480836,1,3,11,M
18,19175,the etcs on-board shall be capable of receiving information about pantograph and power supply from the trackside,4.8.1.1,the etcs on-board shall be capable of receiving information regarding air tightness from the trackside,4.8.2.1,0,0.657433972,1,4,12,M
19,15283,the release speed shall be indicated on the dmi,4.3.3.2c,the emergency stop shall be indicated to the driver on the dmi,4.6.4.8,0,0.653147742,1,4,13,M
20,2496,if as a result of an automatic transition except for transitions to and from national operation (stm) the responsibility for the driver increases the etcs shall seek an acknowledgement from the driver whether the train is stationary or not,3.9.1.2c,for transitions to and from national operation (stm) the etcs shall request an acknowledgement by the driver,3.9.1.2d,0,0.652988665,1,6,14,M
23,12287,the etcs on-board shall be capable of receiving track description from the trackside,4.1.1.1,the etcs on-board shall be capable of receiving information about pantograph and power supply from the trackside,4.8.1.1,0,0.649891352,1,3,15,M
25,1461,the current application level shall be indicated on the dmi,3.2.1.3d,the release speed shall be indicated on the dmi,4.3.3.2c,0,0.647328634,1,4,16,M
27,16217,visual and acoustic warnings to the driver about possible intervention from etcs shall be given to enable the driver to react and avoid intervention,4.3.6.5,within the braking curve area a warning shall be given to the driver to enable him to react and avoid intervention from etcs equipment at least 5 sec before the intervention,4.3.7.2,0,0.645874645,1,3,17,M
29,6981,the following data may be entered manually by the driver or from train memory,4.1.2.16,"the following data may be entered manually by the driver provided by external sources
",4.1.2.16,0,0.637029056,1,3,18,M
30,15765,on lines fitted with rbc the etcs trainborne equipment shall be able to transmit the location of the entire train to the rbc,4.3.4.2,the driver shall be able to confirm the train integrity to the rbc manually the confirmation requires the train to be stationary,4.9.5.4,0,0.628616845,1,4,19,M
31,3675,the current operational status shall be indicated to the driver on the dmi,3.9.1.6,the release speed shall be indicated on the dmi,4.3.3.2c,0,0.625546886,1,4,20,M
33,17034,when the traction unit has come to a standstill the driver shall be able to release the emergency brake,4.3.9.2,when the traction unit is stationary the driver shall be required to acknowledge the train trip condition this acknowledgement will release the emergency brake,4.6.12.4,0,0.621829438,1,2,21,M
35,8776,the supervised shunting speed shall be indicated to the driver on request,4.1.3.5b,the emergency stop shall be indicated to the driver on the dmi,4.6.4.8,0,0.620005495,1,5,22,M
37,9595,partial supervision shall be indicated on the dmi,4.1.4.3,the release speed shall be indicated on the dmi,4.3.3.2c,0,0.616631886,1,4,23,M
38,15285,the release speed shall be indicated on the dmi,4.3.3.2c,route unsuitability shall be indicated on the dmi,4.6.4.1c,0,0.616631886,1,4,24,M
39,18248,actual speed shall still be shown on the dmi,4.5.2.4,information shall be shown on the dmi,4.8.10.2,0,0.615218691,1,3,25,M
40,15749,on lines fitted with rbc the etcs trainborne equipment shall be able to transmit the location of the entire train to the rbc,4.3.4.2,the etcs trainborne equipment shall transmit its own train identification to the rbc,4.7.1.1,0,0.615059196,1,4,26,M
41,1509,the current application level shall be indicated on the dmi,3.2.1.3d,the emergency stop shall be indicated to the driver on the dmi,4.6.4.8,0,0.60839521,1,4,27,M
42,15289,the release speed shall be indicated on the dmi,4.3.3.2c,operation of the train trip shall be indicated on the dmi,4.6.12.2,0,0.608325556,1,4,28,M
46,19530,the on board shall be capable of sending train data to the trackside after confirmation by the driver or when entering the rbc area,4.9.9.1,the following train data shall be sent from the on board to the trackside,4.9.9.2,0,0.604767647,1,3,29,M
48,9602,partial supervision shall be indicated on the dmi,4.1.4.3,actual speed shall be indicated on the dmi,4.3.51a,0,0.602974816,1,4,30,M
49,9645,partial supervision shall be indicated on the dmi,4.1.4.3,route unsuitability shall be indicated on the dmi,4.6.4.1c,0,0.602974816,1,4,31,M
50,15915,actual speed shall be indicated on the dmi,4.3.51a,route unsuitability shall be indicated on the dmi,4.6.4.1c,0,0.602974816,1,4,32,M
52,10057,this ceiling speed shall not be shown continually on the dmi but may be shown momentarily when selected by the driver,4.1.4.4c,the supervised speed shall not be shown on the dmi,4.5.2.5b,0,0.595299903,1,1,33,M
53,10000,this ceiling speed shall not be shown continually on the dmi but may be shown momentarily when selected by the driver,4.1.4.4c,the train shall as a minimum be supervised to a ceiling speed; the supervised speed shall not be shown on the dmi unless selected by the driver,4.2.3.6b,0,0.594780699,1,1,34,M
54,5986,the driver shall be able to consult train data when the train is stationary or moving,4.1.2.9,the driver shall be able to confirm the train integrity to the rbc manually the confirmation requires the train to be stationary,4.9.5.4,0,0.594732482,1,1,35,M
56,3621,the current operational status shall be indicated to the driver on the dmi,3.9.1.6,the supervised shunting speed shall be indicated to the driver on request,4.1.3.5b,0,0.592663625,1,4,36,M
57,10001,this ceiling speed shall not be shown continually on the dmi but may be shown momentarily when selected by the driver,4.1.4.4c,the target distance shall not be shown on the dmi unless selected by the driver,4.2.3.6c,0,0.589125337,1,4,37,M
62,19171,on demand the position of the front end of the train at the time of the demand shall be indicated on the dmi this shall be possible while the train is moving or stationary,4.7.3.2,the occurrence of a failure shall be displayed on the dmi,5.2.1.2a,0,0.58573086,1,4,38,M
63,16542,if the train or the shunting movement exceeds the permitted ceiling speed by a certain harmonised margin the trainborne equipment shall execute a brake intervention until the actual speed does not exceed permitted speed; then the driver shall be able to release the brake,4.3.7.3,if decided by a national value the driver may release the etcs emergency brake when the actual speed is below the permitted speed,4.3.7.4c,0,0.58567007,1,4,39,M
66,18921,the emergency brake shall be applied until the traction unit is stationary,4.6.12.3,when the traction unit is stationary the driver shall be required to acknowledge the train trip condition this acknowledgement will release the emergency brake,4.6.12.4,0,0.580033744,1,1,40,M
69,8728,the supervised shunting speed shall be indicated to the driver on request,4.1.3.5b,the release speed shall be indicated on the dmi,4.3.3.2c,0,0.575617381,1,4,41,M
70,15255,the release speed shall be indicated on the dmi,4.3.3.2c,the roll away/reverse movement intervention shall be indicated on the dmi,4.3.9.1c,0,0.575617381,1,4,42,M
75,1413,the current application level shall be indicated on the dmi,3.2.1.3d,partial supervision shall be indicated on the dmi,4.1.4.3,0,0.574381355,1,4,43,M
76,1468,the current application level shall be indicated on the dmi,3.2.1.3d,actual speed shall be indicated on the dmi,4.3.51a,0,0.574381355,1,4,44,M
77,1511,the current application level shall be indicated on the dmi,3.2.1.3d,route unsuitability shall be indicated on the dmi,4.6.4.1c,0,0.574381355,1,4,45,M
78,18625,the emergency stop shall be indicated to the driver on the dmi,4.6.4.8,operation of the train trip shall be indicated on the dmi,4.6.12.2,0,0.571737963,1,4,46,M
85,13876,the target distance shall not be shown on the dmi unless selected by the driver,4.2.3.6c,the emergency stop shall be indicated to the driver on the dmi,4.6.4.8,0,0.567096638,1,4,47,M
87,1515,the current application level shall be indicated on the dmi,3.2.1.3d,operation of the train trip shall be indicated on the dmi,4.6.12.2,0,0.566644161,1,4,48,M
88,18919,operation of the train trip shall be indicated on the dmi,4.6.12.2,the occurrence of a failure shall be displayed on the dmi,5.2.1.2a,0,0.566644161,1,4,49,M
89,18632,the emergency stop shall be indicated to the driver on the dmi,4.6.4.8,on demand the position of the front end of the train at the time of the demand shall be indicated on the dmi this shall be possible while the train is moving or stationary,4.7.3.2,0,0.565012028,1,4,50,M
92,15275,the release speed shall be indicated on the dmi,4.3.3.2c,actual speed shall still be shown on the dmi,4.5.2.4,0,0.563254509,1,4,51,M
99,15296,the release speed shall be indicated on the dmi,4.3.3.2c,on demand the position of the front end of the train at the time of the demand shall be indicated on the dmi this shall be possible while the train is moving or stationary,4.7.3.2,0,0.557405929,1,4,52,M
106,16624,the driver shall be able to release an etcs emergency brake application when stationary,4.3.7.4b,when the traction unit has come to a standstill the driver shall be able to release the emergency brake,4.3.9.2,0,0.552949609,1,4,53,M
108,3825,the etcs on-board shall be capable of receiving national values from the trackside to adapt to national requirements,3.10.1.1,the etcs on-board shall be capable of receiving track description from the trackside,4.1.1.1,0,0.552814525,1,4,54,M
112,18216,actual speed shall still be shown on the dmi,4.5.2.4,a special indication shall be shown on the dmi,4.5.2.5a,0,0.550779634,1,4,55,M
113,3685,the current operational status shall be indicated to the driver on the dmi,3.9.1.6,the driver shall know the distance to the next point defining the indicated braking curve and the permitted speed allowed this shall be shown to the driver in a way that is understandable and logical,4.3.6.4,0,0.550401894,1,4,56,M
115,3729,the current operational status shall be indicated to the driver on the dmi,3.9.1.6,operation of the train trip shall be indicated on the dmi,4.6.12.2,0,0.547577338,1,4,57,M
123,3661,the current operational status shall be indicated to the driver on the dmi,3.9.1.6,the target distance shall not be shown on the dmi unless selected by the driver,4.2.3.6c,0,0.543132147,1,4,58,M
126,8026,permission received shall be indicated to the driver,4.1.3.2d,the emergency stop shall be indicated to the driver on the dmi,4.6.4.8,0,0.541911937,1,4,59,M
127,9643,partial supervision shall be indicated on the dmi,4.1.4.3,the emergency stop shall be indicated to the driver on the dmi,4.6.4.8,0,0.541911937,1,4,60,M
128,15913,actual speed shall be indicated on the dmi,4.3.51a,the emergency stop shall be indicated to the driver on the dmi,4.6.4.8,0,0.541911937,1,4,61,M
129,18621,the emergency stop shall be indicated to the driver on the dmi,4.6.4.8,route unsuitability shall be indicated on the dmi,4.6.4.1c,0,0.541911937,1,4,62,M
131,3736,the current operational status shall be indicated to the driver on the dmi,3.9.1.6,on demand the position of the front end of the train at the time of the demand shall be indicated on the dmi this shall be possible while the train is moving or stationary,4.7.3.2,0,0.541135629,1,4,63,M
132,16953,the roll away/reverse movement intervention shall be indicated on the dmi,4.3.9.1c,the emergency stop shall be indicated to the driver on the dmi,4.6.4.8,0,0.540997013,1,4,64,M
134,9649,partial supervision shall be indicated on the dmi,4.1.4.3,operation of the train trip shall be indicated on the dmi,4.6.12.2,0,0.539773523,1,4,65,M
135,15919,actual speed shall be indicated on the dmi,4.3.51a,operation of the train trip shall be indicated on the dmi,4.6.12.2,0,0.539773523,1,4,66,M
136,18714,route unsuitability shall be indicated on the dmi,4.6.4.1c,operation of the train trip shall be indicated on the dmi,4.6.12.2,0,0.539773523,1,4,67,M
139,1708,the driver shall acknowledge the level transitions if requested from trackside if the driver does not acknowledge after the transition the brake shall be applied if the driver acknowledges afterwards the brake can be released,3.2.1.5,after the acknowledgement the driver shall be able to continue the movement,4.6.12.5a,0,0.539596158,1,4,68,M
141,15328,the release speed shall be indicated on the dmi,4.3.3.2c,the occurrence of a failure shall be displayed on the dmi,5.2.1.2a,0,0.537601088,1,4,69,M
142,15308,the release speed shall be indicated on the dmi,4.3.3.2c,information shall be shown on the dmi,4.8.10.2,0,0.537415854,1,3,70,M
143,13901,the target distance shall not be shown on the dmi unless selected by the driver,4.2.3.6c,information shall be shown on the dmi,4.8.10.2,0,0.537006899,1,3,71,M
145,1481,the current application level shall be indicated on the dmi,3.2.1.3d,the roll away/reverse movement intervention shall be indicated on the dmi,4.3.9.1c,0,0.536177092,1,4,72,M
146,8770,the supervised shunting speed shall be indicated to the driver on request,4.1.3.5b,the supervised speed shall not be shown on the dmi,4.5.2.5b,0,0.536177092,1,4,73,M
149,5340,the driver shall be able to select train data entry on the dmi,4.1.2.2,stored train data shall be offered to the driver to be confirmed when data entry starts,4.1.2.11,0,0.532411495,1,3,74,M
150,16582,if the train or the shunting movement exceeds the permitted ceiling speed by a certain harmonised margin the trainborne equipment shall execute a brake intervention until the actual speed does not exceed permitted speed; then the driver shall be able to release the brake,4.3.7.3,after the acknowledgement the driver shall be able to continue the movement,4.6.12.5a,0,0.530624035,1,1,75,M
154,13940,on request of the rbc the driver shall have the possibility to confirm that the track ahead of him until the end of the on sight section is clear,4.2.3.6d,on lines fitted with rbc the etcs trainborne equipment shall be able to transmit the location of the entire train to the rbc,4.3.4.2,0,0.528485424,1,4,76,M
159,15662,the etcs trainborne equipment shall be able to determine the location of the entire train,4.3.4.1,on demand the position of the front end of the train at the time of the demand shall be indicated on the dmi this shall be possible while the train is moving or stationary,4.7.3.2,0,0.524793852,1,3,77,M
162,9861,the train shall have the capability of being supervised to a ceiling speed,4.1.4.4b,the train shall as a minimum be supervised to a ceiling speed; the supervised speed shall not be shown on the dmi unless selected by the driver,4.2.3.6b,0,0.524632345,1,3,78,M
164,18664,the emergency stop shall be indicated to the driver on the dmi,4.6.4.8,the occurrence of a failure shall be displayed on the dmi,5.2.1.2a,0,0.524308593,1,4,79,M
175,1522,the current application level shall be indicated on the dmi,3.2.1.3d,on demand the position of the front end of the train at the time of the demand shall be indicated on the dmi this shall be possible while the train is moving or stationary,4.7.3.2,0,0.519213456,1,4,80,M
176,19274,the etcs on-board shall be capable of receiving information regarding air tightness from the trackside,4.8.2.1,the etcs on-board shall be capable of sending to the trackside train integrity information detected by a system outside etcs,4.9.5.1,0,0.519039027,1,1,81,M
177,3616,the current operational status shall be indicated to the driver on the dmi,3.9.1.6,permission received shall be indicated to the driver,4.1.3.2d,0,0.519011706,1,4,82,M
178,3627,the current operational status shall be indicated to the driver on the dmi,3.9.1.6,partial supervision shall be indicated on the dmi,4.1.4.3,0,0.519011706,1,4,83,M
179,3682,the current operational status shall be indicated to the driver on the dmi,3.9.1.6,actual speed shall be indicated on the dmi,4.3.51a,0,0.519011706,1,4,84,M
180,3725,the current operational status shall be indicated to the driver on the dmi,3.9.1.6,route unsuitability shall be indicated on the dmi,4.6.4.1c,0,0.519011706,1,4,85,M
181,3695,the current operational status shall be indicated to the driver on the dmi,3.9.1.6,the roll away/reverse movement intervention shall be indicated on the dmi,4.3.9.1c,0,0.518135446,1,4,86,M
185,8738,the supervised shunting speed shall be indicated to the driver on request,4.1.3.5b,the driver shall know the distance to the next point defining the indicated braking curve and the permitted speed allowed this shall be shown to the driver in a way that is understandable and logical,4.3.6.4,0,0.516116938,1,4,87,M
194,10088,this ceiling speed shall not be shown continually on the dmi but may be shown momentarily when selected by the driver,4.1.4.4c,information shall be shown on the dmi,4.8.10.2,0,0.512259796,1,3,88,M
195,19173,the etcs on-board shall be capable of receiving information about pantograph and power supply from the trackside,4.8.1.1,the etcs trainborne equipment shall indicate on the dmi the information regarding pantograph and power supply,4.8.1.5a,0,0.512150058,1,3,89,M
198,7924,permission received shall be indicated to the driver,4.1.3.2d,the supervised shunting speed shall be indicated to the driver on request,4.1.3.5b,0,0.510751223,1,4,90,M
200,8735,the supervised shunting speed shall be indicated to the driver on request,4.1.3.5b,actual speed shall be indicated on the dmi,4.3.51a,0,0.510751223,1,4,91,M
201,9615,partial supervision shall be indicated on the dmi,4.1.4.3,the roll away/reverse movement intervention shall be indicated on the dmi,4.3.9.1c,0,0.510751223,1,4,92,M
202,15885,actual speed shall be indicated on the dmi,4.3.51a,the roll away/reverse movement intervention shall be indicated on the dmi,4.3.9.1c,0,0.510751223,1,4,93,M
203,16955,the roll away/reverse movement intervention shall be indicated on the dmi,4.3.9.1c,route unsuitability shall be indicated on the dmi,4.6.4.1c,0,0.510751223,1,4,94,M
206,18960,when the traction unit is stationary the driver shall be required to acknowledge the train trip condition this acknowledgement will release the emergency brake,4.6.12.4,after the acknowledgement the driver shall be able to continue the movement,4.6.12.5a,0,0.510516521,1,1,95,M
209,12299,the etcs on-board shall be capable of receiving track description from the trackside,4.1.1.1,the etcs on-board shall be capable of sending to the trackside train integrity information detected by a system outside etcs,4.9.5.1,0,0.508992239,1,1,96,M
214,9668,partial supervision shall be indicated on the dmi,4.1.4.3,information shall be shown on the dmi,4.8.10.2,0,0.505605559,1,3,97,M
215,15938,actual speed shall be indicated on the dmi,4.3.51a,information shall be shown on the dmi,4.8.10.2,0,0.505605559,1,3,98,M
216,18733,route unsuitability shall be indicated on the dmi,4.6.4.1c,information shall be shown on the dmi,4.8.10.2,0,0.505605559,1,3,99,M
218,13624,the train shall be supervised according to train speed data available,4.2.3.6a,a train shall be supervised to its static and dynamic train speed profiles,4.3.7.1,0,0.503871157,1,4,100,M
219,16959,the roll away/reverse movement intervention shall be indicated on the dmi,4.3.9.1c,operation of the train trip shall be indicated on the dmi,4.6.12.2,0,0.503871157,1,4,101,M
220,13596,the train shall be supervised according to train speed data available,4.2.3.6a,the train shall as a minimum be supervised to a ceiling speed; the supervised speed shall not be shown on the dmi unless selected by the driver,4.2.3.6b,0,0.503499072,1,3,102,M
224,1554,the current application level shall be indicated on the dmi,3.2.1.3d,the occurrence of a failure shall be displayed on the dmi,5.2.1.2a,0,0.503102612,1,4,103,M
229,3768,the current operational status shall be indicated to the driver on the dmi,3.9.1.6,the occurrence of a failure shall be displayed on the dmi,5.2.1.2a,0,0.503040187,1,4,104,M
230,1534,the current application level shall be indicated on the dmi,3.2.1.3d,information shall be shown on the dmi,4.8.10.2,0,0.502929265,1,3,105,M
231,19489,information shall be shown on the dmi,4.8.10.2,the occurrence of a failure shall be displayed on the dmi,5.2.1.2a,0,0.502929265,1,3,106,M
234,14445,the etcs trainborne equipment calculates the static train speed profile on the basis of infrastructure data and train data,4.3.1.4a,if there are failures of the trainborne equipment which compromise the safety of train supervision the etcs trainborne equipment shall immediately command the brake and bring the train to a stop,5.2.1.1,0,0.502636322,1,3,107,M
242,1707,the driver shall acknowledge the level transitions if requested from trackside if the driver does not acknowledge after the transition the brake shall be applied if the driver acknowledges afterwards the brake can be released,3.2.1.5,when the traction unit is stationary the driver shall be required to acknowledge the train trip condition this acknowledgement will release the emergency brake,4.6.12.4,0,0.50153264,1,4,108,M
243,11055,when the etcs trainborne equipment is isolated the system shall not show any etcs information other than the fact that the system is isolated,4.1.6.5,isolation of the etcs trainborne equipment shall disconnect the etcs trainborne equipment from the vehicle braking system,4.1.6.6,0,0.500549548,1,1,109,M
244,3918,the etcs on-board shall be capable of receiving national values from the trackside to adapt to national requirements,3.10.1.1,the etcs on-board shall be capable of receiving information regarding air tightness from the trackside,4.8.2.1,0,0.500477407,1,4,110,M
246,10924,the etcs trainborne equipment shall be capable of being isolated,4.1.6.1a,isolation of the etcs trainborne equipment shall disconnect the etcs trainborne equipment from the vehicle braking system,4.1.6.6,0,0.499747603,1,3,111,M
247,11415,the etcs trainborne equipment shall be capable of receiving information from the national train control systems by means of the stm,4.1.7.1,the etcs on-board shall be capable of receiving information regarding air tightness from the trackside,4.8.2.1,0,0.499700175,1,4,112,M
248,19686,if the train is equipped with two operational radios there shall be no performance penalty as a result of a transition from one rbc to another (train spacing and train speed,4.9.12.2,if the train is equipped with only one operational radio passing from one rbc to another shall still be possible but might result in a performance penalty,4.9.12.3,0,0.499642907,1,5,113,M
249,13828,the target distance shall not be shown on the dmi unless selected by the driver,4.2.3.6c,the release speed shall be indicated on the dmi,4.3.3.2c,0,0.499310363,1,4,114,M
257,19492,the etcs on-board shall be capable of sending to the trackside train integrity information detected by a system outside etcs,4.9.5.1,the on board shall be capable of sending train data to the trackside after confirmation by the driver or when entering the rbc area,4.9.9.1,0,0.495941156,1,4,115,M
265,5841,the driver shall be able to consult train data when the train is stationary or moving,4.1.2.9,stored train data shall be offered to the driver to be confirmed when data entry starts,4.1.2.11,0,0.493183663,1,3,116,M
271,11322,the etcs trainborne equipment shall be capable of receiving information from the national train control systems by means of the stm,4.1.7.1,the etcs on-board shall be capable of receiving track description from the trackside,4.1.1.1,0,0.492201634,1,4,117,M
274,5164,the dmi shall indicate the result of the self-test,4.1.1.4c,the occurrence of a failure shall be displayed on the dmi,5.2.1.2a,0,0.491086745,1,4,118,M
276,11841,the on board shall supervise the train against a ceiling speed,4.1.8.3,the train shall as a minimum be supervised to a ceiling speed; the supervised speed shall not be shown on the dmi unless selected by the driver,4.2.3.6b,0,0.490891123,1,3,119,M
282,18644,the emergency stop shall be indicated to the driver on the dmi,4.6.4.8,information shall be shown on the dmi,4.8.10.2,0,0.489186077,1,3,120,M
288,11573,unfitted operation shall be possible if ordered by trackside,4.1.8.1,unfitted operation shall be possible if selected by the driver at start up,4.1.8.2,0,0.487190904,1,3,121,M
293,15276,the release speed shall be indicated on the dmi,4.3.3.2c,a special indication shall be shown on the dmi,4.5.2.5a,0,0.486415696,1,4,122,M
295,15330,if the release speed is calculated on board it shall ensure that the train will stop before reaching the danger point,4.3.3.2d,"when the train is stationary or after a certain time (eg the time for ""route releasing"" of the overlap the release speed calculation shall be based on the distance to the danger point (if calculated on-board) the condition for this change shall be defined for each target as infrastructure data",4.3.3.3,0,0.485446294,1,3,123,M
311,5119,the dmi shall indicate the result of the self-test,4.1.1.4c,the emergency stop shall be indicated to the driver on the dmi,4.6.4.8,0,0.483166929,1,4,124,M
335,19184,the etcs on-board shall be capable of receiving information about pantograph and power supply from the trackside,4.8.1.1,the etcs on-board shall be capable of sending to the trackside train integrity information detected by a system outside etcs,4.9.5.1,0,0.479300237,1,3,125,A
338,3930,the etcs on-board shall be capable of receiving national values from the trackside to adapt to national requirements,3.10.1.1,the following train data shall be sent from the on board to the trackside,4.9.9.2,0,0.479080712,1,1,126,A
347,5134,the dmi shall indicate the result of the self-test,4.1.1.4c,the etcs trainborne equipment shall indicate on the dmi the information regarding pantograph and power supply,4.8.1.5a,0,0.477359564,1,4,127,A
355,14010,on request of the rbc the driver shall have the possibility to confirm that the track ahead of him until the end of the on sight section is clear,4.2.3.6d,the driver shall be able to confirm the train integrity to the rbc manually the confirmation requires the train to be stationary,4.9.5.4,0,0.47514944,1,4,128,A
358,18899,operation of the train trip shall be indicated on the dmi,4.6.12.2,information shall be shown on the dmi,4.8.10.2,0,0.474329805,1,3,129,A
363,19277,the etcs on-board shall be capable of receiving information regarding air tightness from the trackside,4.8.2.1,the following train data shall be sent from the on board to the trackside,4.9.9.2,0,0.473645031,1,4,130,A
365,12320,it shall be possible to send information on adhesion conditions from trackside,4.1.1.3a,it shall also be possible to allow the driver to change the adhesion conditions; in this case information from trackside has priority,4.1.1.3b,0,0.47353909,1,3,131,A
370,3230,if an etcs equipped train passes a level transition to a line fitted with more than one level the onboard shall switch to the highest level according to the priority given by trackside for which it is equipped,3.9.1.4,if an etcs equipped train passes a level transition to one or more levels for which it is not equipped etcs shall initiate a brake application,3.9.1.5,0,0.471671431,1,1,132,A
373,12301,the etcs on-board shall be capable of receiving track description from the trackside,4.1.1.1,the on board shall be capable of sending train data to the trackside after confirmation by the driver or when entering the rbc area,4.9.9.1,0,0.470531278,1,1,133,A
374,5972,the driver shall be able to consult train data when the train is stationary or moving,4.1.2.9,on demand the position of the front end of the train at the time of the demand shall be indicated on the dmi this shall be possible while the train is moving or stationary,4.7.3.2,0,0.470079831,1,3,134,A
378,3748,the current operational status shall be indicated to the driver on the dmi,3.9.1.6,information shall be shown on the dmi,4.8.10.2,0,0.469342404,1,3,135,A
380,11316,the etcs trainborne equipment shall be capable of receiving information from the national train control systems by means of the stm,4.1.7.1,the dmi shall display or be compatible with information from national train control systems this may mean displaying the information shown by the national system,4.1.7.2,0,0.469227938,1,3,136,A
381,15138,where failure to apply the full service brake is detected the emergency brake shall stop the train in rear of the danger point,4.3.2.7,if there are failures of the trainborne equipment which compromise the safety of train supervision the etcs trainborne equipment shall immediately command the brake and bring the train to a stop,5.2.1.1,0,0.469062573,1,4,137,A
384,17033,when the traction unit has come to a standstill the driver shall be able to release the emergency brake,4.3.9.2,the emergency brake shall be applied until the traction unit is stationary,4.6.12.3,0,0.467989498,1,2,138,A
390,1447,the current application level shall be indicated on the dmi,3.2.1.3d,the target distance shall not be shown on the dmi unless selected by the driver,4.2.3.6c,0,0.467269047,1,4,139,A
391,13921,the target distance shall not be shown on the dmi unless selected by the driver,4.2.3.6c,the occurrence of a failure shall be displayed on the dmi,5.2.1.2a,0,0.467269047,1,4,140,A
392,11871,the on board shall supervise the train against a ceiling speed,4.1.8.3,if the train or the shunting movement exceeds the permitted ceiling speed by a certain harmonised margin the trainborne equipment shall execute a brake intervention until the actual speed does not exceed permitted speed; then the driver shall be able to release the brake,4.3.7.3,0,0.46691829,1,4,141,A
395,16581,if the train or the shunting movement exceeds the permitted ceiling speed by a certain harmonised margin the trainborne equipment shall execute a brake intervention until the actual speed does not exceed permitted speed; then the driver shall be able to release the brake,4.3.7.3,when the traction unit is stationary the driver shall be required to acknowledge the train trip condition this acknowledgement will release the emergency brake,4.6.12.4,0,0.466619933,1,1,142,A
403,9749,in partial supervision the train shall be supervised according to train speed and distance data available,4.1.4.4a,a train shall be supervised to its static and dynamic train speed profiles,4.3.7.1,0,0.465291532,1,3,143,A
19593,1182,trains equipped for ertms/etcs application level 3 shall be able to run on lines equipped with ertms/etcs application level 3 2 1 and 0 trains equipped for ertms/etcs application level 2 shall be able to run on lines equipped with ertms/etcs application level 2 1 and 0 and trains equipped for ertms/etcs application level 1 shall be able to run on lines equipped with ertms/etcs application level 1 and 0,3.2.1.3c,during the transition period between two operational states (including two different national operations) the supervision provided shall at least ensure the same protection provided by the least restrictive state,3.9.1.3,0,0.013272201,1,4,144,A
19598,270,etcs shall be able to supervise train and shunting movements,3.1.1.1b,the ceiling speed value for the unfitted operation is determined by the lower value out of,4.1.8.4,0,0,1,3,145,A
19617,4133,once received onboard the national values shall remain valid even if the onboard equipment is switched off,3.10.1.6,train data may be entered automatically from a railway management system or from train memory,4.1.2.5a,0,0,1,1,146,A
19661,11596,unfitted operation shall be possible if ordered by trackside,4.1.8.1,the etcs trainborne equipment calculates the static train speed profile on the basis of infrastructure data and train data,4.3.1.4a,0,0,1,1,147,A
19682,16388,a train shall be supervised to its static and dynamic train speed profiles,4.3.7.1,after releasing the emergency brake etcs will provide the supervision appertaining when roll away protection was initiated,4.3.9.3,0,0,1,3,148,A
19693,17135,after releasing the emergency brake etcs will provide the supervision appertaining when roll away protection was initiated,4.3.9.3,reversing shall be supervised to a distance and speed set as national values,4.9.10.6,0,0,1,4,149,A
19600,612,etcs is required to be functional to a maximum train speed of 500 km/h,3.1.1.10,at start up the on board equipment shall perform an automatic self-test,4.1.1.3a,0,0,0,0,150,M
401,7827,to prevent unauthorised use of the function permission shall be obtained from the rbc if the train is operating under the control of the rbc,4.1.3.2c,"when the train is stationary or after a certain time (eg the time for ""route releasing"" of the overlap the release speed calculation shall be based on the distance to the danger point (if calculated on-board) the condition for this change shall be defined for each target as infrastructure data",4.3.3.3,0,0.46587263,0,0,151,M
280,15476,"when the train is stationary or after a certain time (eg the time for ""route releasing"" of the overlap the release speed calculation shall be based on the distance to the danger point (if calculated on-board) the condition for this change shall be defined for each target as infrastructure data",4.3.3.3,when the traction unit is stationary the driver shall be required to acknowledge the train trip condition this acknowledgement will release the emergency brake,4.6.12.4,0,0.489428411,0,0,152,M
343,8803,the supervised shunting speed shall be indicated to the driver on request,4.1.3.5b,the driver shall be able to confirm the train integrity to the rbc manually the confirmation requires the train to be stationary,4.9.5.4,0,0.478039255,0,0,153,M
19683,16706,if decided by a national value the driver may release the etcs emergency brake when the actual speed is below the permitted speed,4.3.7.4c,standardised output interfaces shall enable transmission of information recorded to other media for investigation,4.3.10.4a,0,0,0,0,154,M
259,15751,on lines fitted with rbc the etcs trainborne equipment shall be able to transmit the location of the entire train to the rbc,4.3.4.2,on demand the position of the front end of the train at the time of the demand shall be indicated on the dmi this shall be possible while the train is moving or stationary,4.7.3.2,0,0.495458522,0,0,155,M
19692,17128,after releasing the emergency brake etcs will provide the supervision appertaining when roll away protection was initiated,4.3.9.3,it shall be possible to revoke a movement authority that has already been issued to a train in a co-operative way between rbc and train,4.9.10.1,0,0,0,0,156,M
34,19015,after the acknowledgement the driver shall be able to continue the movement,4.6.12.5a,the driver shall be able to confirm the train integrity to the rbc manually the confirmation requires the train to be stationary,4.9.5.4,0,0.620525482,0,0,157,M
19553,14298,this static train speed profile shall also respect maximum line speed and track speed and special speed levels for special classes of trains,4.3.1.2b,the emergency stop shall be indicated to the driver on the dmi,4.6.4.8,0,0.019498347,0,0,158,M
19604,759,etcs is required to be functional to a maximum train speed of 500 km/h,3.1.1.10,the onboard equipment shall display plain text messages as received,4.8.8.5,0,0,0,0,159,M
19605,760,etcs is required to be functional to a maximum train speed of 500 km/h,3.1.1.10,the character set used shall support different languages,4.8.8.6,0,0,0,0,160,M
268,13727,the train shall as a minimum be supervised to a ceiling speed; the supervised speed shall not be shown on the dmi unless selected by the driver,4.2.3.6b,actual speed shall be indicated on the dmi,4.3.51a,0,0.492632281,0,0,161,M
19583,3560,if an etcs equipped train passes a level transition to one or more levels for which it is not equipped etcs shall initiate a brake application,3.9.1.5,the information regarding lowering and raising of the pantograph and opening/closing of the circuit breaker shall be provided separately and in combinations,4.8.1.6,0,0.015975727,0,0,162,M
316,13838,the target distance shall not be shown on the dmi unless selected by the driver,4.2.3.6c,the driver shall know the distance to the next point defining the indicated braking curve and the permitted speed allowed this shall be shown to the driver in a way that is understandable and logical,4.3.6.4,0,0.48272898,0,0,163,M
125,11313,isolation of the etcs trainborne equipment shall disconnect the etcs trainborne equipment from the vehicle braking system,4.1.6.6,if there are failures of the trainborne equipment which compromise the safety of train supervision the etcs trainborne equipment shall immediately command the brake and bring the train to a stop,5.2.1.1,0,0.54215647,0,0,164,M
19595,10818,the trainborne equipment shall remain in full supervision until the trainborne equipment is not active any longer when shunting is selected or when partial supervision information is received,4.1.5.5,this static train speed profile shall also respect maximum line speed and track speed and special speed levels for special classes of trains,4.3.1.2b,0,0.012368541,0,0,165,M
332,5464,the driver shall be able to select train data entry on the dmi,4.1.2.2,operation of the train trip shall be indicated on the dmi,4.6.12.2,0,0.479411337,0,0,166,M
330,15468,"when the train is stationary or after a certain time (eg the time for ""route releasing"" of the overlap the release speed calculation shall be based on the distance to the danger point (if calculated on-board) the condition for this change shall be defined for each target as infrastructure data",4.3.3.3,the emergency stop shall be indicated to the driver on the dmi,4.6.4.8,0,0.479725774,0,0,167,M
221,3726,the current operational status shall be indicated to the driver on the dmi,3.9.1.6,the driver shall be able to override the function when the train is stationary,4.6.4.2,0,0.503470529,0,0,168,M
19563,9443,if acknowledgement is specified the driver shall acknowledge transfer from full supervision to partial supervision within 5 seconds,4.1.4.2a,this static train speed profile shall also respect maximum line speed and track speed and special speed levels for special classes of trains,4.3.1.2b,0,0.018964227,0,0,169,M
387,15102,where failure to apply the full service brake is detected the emergency brake shall stop the train in rear of the danger point,4.3.2.7,when the traction unit is stationary the driver shall be required to acknowledge the train trip condition this acknowledgement will release the emergency brake,4.6.12.4,0,0.467698114,0,0,170,M
51,1990,the etcs trainborne equipment shall be capable of supervising the following operational states,3.9.1.1,the etcs trainborne equipment shall be capable of being isolated,4.1.6.1a,0,0.598825545,0,0,171,M
377,3759,the current operational status shall be indicated to the driver on the dmi,3.9.1.6,the driver shall be able to use the reversing function without needing to re-confirm the train data,4.9.10.5,0,0.469666112,0,0,172,M
19591,1231,trains equipped for ertms/etcs application level 3 shall be able to run on lines equipped with ertms/etcs application level 3 2 1 and 0 trains equipped for ertms/etcs application level 2 shall be able to run on lines equipped with ertms/etcs application level 2 1 and 0 and trains equipped for ertms/etcs application level 1 shall be able to run on lines equipped with ertms/etcs application level 1 and 0,3.2.1.3c,the trainborne equipment shall remain in full supervision until the trainborne equipment is not active any longer when shunting is selected or when partial supervision information is received,4.1.5.5,0,0.013722169,0,0,173,M
199,8015,permission received shall be indicated to the driver,4.1.3.2d,the driver shall select an override control according to the permission received,4.5.2.2a,0,0.510751223,0,0,174,M
336,14028,on request of the rbc the driver shall have the possibility to confirm that the track ahead of him until the end of the on sight section is clear,4.2.3.6d,the occurrence of a failure shall be displayed on the dmi,5.2.1.2a,0,0.479265734,0,0,175,M
71,4887,the test shall require no action on the part of the driver,4.1.1.4b,on request of the rbc the driver shall have the possibility to confirm that the track ahead of him until the end of the on sight section is clear,4.2.3.6d,0,0.575095139,0,0,176,M
167,15652,the etcs trainborne equipment shall be able to determine the location of the entire train,4.3.4.1,the driver shall be able to override the function when the train is stationary,4.6.4.2,0,0.521969695,0,0,177,M
19580,14279,this static train speed profile shall also respect maximum line speed and track speed and special speed levels for special classes of trains,4.3.1.2b,it shall be possible to use multiple traction units without isolating the etcs trainborne equipment on traction unit(s) with an in-operative cab,4.4.1.1,0,0.016479951,0,0,178,M
356,7917,to prevent unauthorised use of the function permission shall be obtained from the rbc if the train is operating under the control of the rbc,4.1.3.2c,if there are failures of the trainborne equipment which compromise the safety of train supervision the etcs trainborne equipment shall immediately command the brake and bring the train to a stop,5.2.1.1,0,0.474545513,0,0,179,M
19685,16746,if decided by a national value the driver may release the etcs emergency brake when the actual speed is below the permitted speed,4.3.7.4c,it shall be possible to send plain text messages from track to train,4.8.8.1,0,0,0,0,180,M
19601,640,etcs is required to be functional to a maximum train speed of 500 km/h,3.1.1.10,exit from shunting shall take place when the driver selects exit from shunting,4.1.3.8b,0,0,0,0,181,M
331,6505,the entry of driver identification and the selection of the language shall be possible,4.1.2.14a,to prevent unauthorised use of the function permission shall be obtained from the rbc if the train is operating under the control of the rbc,4.1.3.2c,0,0.479428208,0,0,182,M
213,13983,on request of the rbc the driver shall have the possibility to confirm that the track ahead of him until the end of the on sight section is clear,4.2.3.6d,the emergency stop shall be indicated to the driver on the dmi,4.6.4.8,0,0.505740991,0,0,183,M
333,2974,in case the transition has to be acknowledged and the driver fails to acknowledge as required the etcs shall initiate a brake application,3.9.1.2e,when the traction unit has come to a standstill the driver shall be able to release the emergency brake,4.3.9.2,0,0.479411337,0,0,184,M
19566,14317,this static train speed profile shall also respect maximum line speed and track speed and special speed levels for special classes of trains,4.3.1.2b,when the plain text message appears on the dmi the driver shall be alerted,4.8.8.3,0,0.018471725,0,0,185,M
375,19331,when the plain text message appears on the dmi the driver shall be alerted,4.8.8.3,the on board shall be capable of sending train data to the trackside after confirmation by the driver or when entering the rbc area,4.9.9.1,0,0.469891964,0,0,186,M
19610,3432,if an etcs equipped train passes a level transition to one or more levels for which it is not equipped etcs shall initiate a brake application,3.9.1.5,"the following data may be entered manually by the driver provided by external sources
",4.1.2.16,0,0,0,0,187,M
64,5485,the driver shall be able to select train data entry on the dmi,4.1.2.2,the driver shall be able to confirm the train integrity to the rbc manually the confirmation requires the train to be stationary,4.9.5.4,0,0.58488264,0,0,188,M
183,15302,the release speed shall be indicated on the dmi,4.3.3.2c,when the plain text message appears on the dmi the driver shall be alerted,4.8.8.3,0,0.517366343,0,0,189,M
357,18334,the supervised speed shall not be shown on the dmi,4.5.2.5b,operation of the train trip shall be indicated on the dmi,4.6.12.2,0,0.474493294,0,0,190,M
19596,11081,when the etcs trainborne equipment is isolated the system shall not show any etcs information other than the fact that the system is isolated,4.1.6.5,this static train speed profile shall also respect maximum line speed and track speed and special speed levels for special classes of trains,4.3.1.2b,0,0.012368541,0,0,191,M
19650,8121,it shall be possible to manually select shunting from stand by operation full supervision operation or partial supervision operation,4.1.3.3,the etcs trainborne equipment calculates the static train speed profile on the basis of infrastructure data and train data,4.3.1.4a,0,0,0,0,192,M
19676,13523,before entering an occupied track a driver acknowledgement shall be requested,4.2.3.4,after releasing the emergency brake etcs will provide the supervision appertaining when roll away protection was initiated,4.3.9.3,0,0,0,0,193,M
19564,1240,trains equipped for ertms/etcs application level 3 shall be able to run on lines equipped with ertms/etcs application level 3 2 1 and 0 trains equipped for ertms/etcs application level 2 shall be able to run on lines equipped with ertms/etcs application level 2 1 and 0 and trains equipped for ertms/etcs application level 1 shall be able to run on lines equipped with ertms/etcs application level 1 and 0,3.2.1.3c,the ceiling speed value for the unfitted operation is determined by the lower value out of,4.1.8.4,0,0.018668394,0,0,194,M
309,15741,on lines fitted with rbc the etcs trainborne equipment shall be able to transmit the location of the entire train to the rbc,4.3.4.2,the driver shall be able to override the function when the train is stationary,4.6.4.2,0,0.483416714,0,0,195,M
68,13720,the train shall as a minimum be supervised to a ceiling speed; the supervised speed shall not be shown on the dmi unless selected by the driver,4.2.3.6b,the release speed shall be indicated on the dmi,4.3.3.2c,0,0.57576017,0,0,196,M
297,1663,the driver shall acknowledge the level transitions if requested from trackside if the driver does not acknowledge after the transition the brake shall be applied if the driver acknowledges afterwards the brake can be released,3.2.1.5,the driver shall have the possibility to select the language this does not concern non pre-defined texts sent from the trackside,4.3.6.6,0,0.485200099,0,0,197,M
19586,3073,during the transition period between two operational states (including two different national operations) the supervision provided shall at least ensure the same protection provided by the least restrictive state,3.9.1.3,an etcs equipped traction unit shall be capable of being moved in shunting without train data track data or movement authority,4.1.3.1,0,0.01564778,0,0,198,M
19681,14336,this static train speed profile shall also respect maximum line speed and track speed and special speed levels for special classes of trains,4.3.1.2b,the distance supervised can be extended from the trackside,4.9.10.7,0,0,0,0,199,M
44,18787,the driver shall be able to override the function when the train is stationary,4.6.4.2,the driver shall be able to use the reversing function without needing to re-confirm the train data,4.9.10.5,0,0.606904211,0,0,200,M
74,18270,a special indication shall be shown on the dmi,4.5.2.5a,the supervised speed shall not be shown on the dmi,4.5.2.5b,0,0.574381355,0,0,201,M
394,14717,when changing to a lower speed level the front end of the train shall respect the dynamic train speed profile,4.3.2.2a,on demand the position of the front end of the train at the time of the demand shall be indicated on the dmi this shall be possible while the train is moving or stationary,4.7.3.2,0,0.466888958,0,0,202,M
67,18646,the emergency stop shall be indicated to the driver on the dmi,4.6.4.8,the driver shall be able to confirm the train integrity to the rbc manually the confirmation requires the train to be stationary,4.9.5.4,0,0.576292623,0,0,203,M
121,17035,when the traction unit has come to a standstill the driver shall be able to release the emergency brake,4.3.9.2,after the acknowledgement the driver shall be able to continue the movement,4.6.12.5a,0,0.54350531,0,0,204,M
266,18175,when the train passes the stop signal the train trip function shall be suppressed,4.5.2.3,operation of the train trip shall be indicated on the dmi,4.6.12.2,0,0.492970971,0,0,205,M
19577,11265,isolation of the etcs trainborne equipment shall disconnect the etcs trainborne equipment from the vehicle braking system,4.1.6.6,if supervised by an rbc it shall be possible to command an emergency stop to all trains in a particular area or to a specific train,4.6.4.1a,0,0.016892407,0,0,206,M
80,19512,the driver shall be able to confirm the train integrity to the rbc manually the confirmation requires the train to be stationary,4.9.5.4,the following train data shall be sent from the on board to the trackside,4.9.9.2,0,0.569594758,0,0,207,M
170,18764,the driver shall be able to override the function when the train is stationary,4.6.4.2,on demand the position of the front end of the train at the time of the demand shall be indicated on the dmi this shall be possible while the train is moving or stationary,4.7.3.2,0,0.520050968,0,0,208,M
19589,5755,train data may be entered automatically from a railway management system or from train memory,4.1.2.5a,the driver shall know the distance to the next point defining the indicated braking curve and the permitted speed allowed this shall be shown to the driver in a way that is understandable and logical,4.3.6.4,0,0.014308411,0,0,209,M
351,14148,etcs shall calculate the permitted speed for the train for all locations of the authorised movement,4.3.1.2a,"when the train is stationary or after a certain time (eg the time for ""route releasing"" of the overlap the release speed calculation shall be based on the distance to the danger point (if calculated on-board) the condition for this change shall be defined for each target as infrastructure data",4.3.3.3,0,0.477004588,0,0,210,M
19653,8607,etcs shall supervise shunting operation to a permitted national speed value,4.1.3.5a,the retention period for the recorded data will be different and two levels are foreseen,4.3.10.5,0,0,0,0,211,M
19549,1188,trains equipped for ertms/etcs application level 3 shall be able to run on lines equipped with ertms/etcs application level 3 2 1 and 0 trains equipped for ertms/etcs application level 2 shall be able to run on lines equipped with ertms/etcs application level 2 1 and 0 and trains equipped for ertms/etcs application level 1 shall be able to run on lines equipped with ertms/etcs application level 1 and 0,3.2.1.3c,once received onboard the national values shall remain valid even if the onboard equipment is switched off,3.10.1.6,0,0.019987364,0,0,212,M
83,7812,to prevent unauthorised use of the function permission shall be obtained from the rbc if the train is operating under the control of the rbc,4.1.3.2c,on request of the rbc the driver shall have the possibility to confirm that the track ahead of him until the end of the on sight section is clear,4.2.3.6d,0,0.567730091,0,0,213,M
19592,11135,when the etcs trainborne equipment is isolated the system shall not show any etcs information other than the fact that the system is isolated,4.1.6.5,if supervised by an rbc it shall be possible to command an emergency stop to all trains in a particular area or to a specific train,4.6.4.1a,0,0.013673691,0,0,214,M
323,15738,on lines fitted with rbc the etcs trainborne equipment shall be able to transmit the location of the entire train to the rbc,4.3.4.2,the emergency stop shall be indicated to the driver on the dmi,4.6.4.8,0,0.480989003,0,0,215,M
19554,14307,this static train speed profile shall also respect maximum line speed and track speed and special speed levels for special classes of trains,4.3.1.2b,after the acknowledgement the driver shall be able to continue the movement,4.6.12.5a,0,0.019498347,0,0,216,M
19630,5767,train data may be entered automatically from a railway management system or from train memory,4.1.2.5a,after releasing the emergency brake etcs will provide the supervision appertaining when roll away protection was initiated,4.3.9.3,0,0,0,0,217,M
346,13128,the target distance to be displayed on the dmi shall be based on the most restrictive braking curve,4.2.2.2,the following train data shall be sent from the on board to the trackside,4.9.9.2,0,0.477538708,0,0,218,M
281,16362,the driver shall have the possibility to select the language this does not concern non pre-defined texts sent from the trackside,4.3.6.6,the following train data shall be sent from the on board to the trackside,4.9.9.2,0,0.489372605,0,0,219,M
43,13996,on request of the rbc the driver shall have the possibility to confirm that the track ahead of him until the end of the on sight section is clear,4.2.3.6d,on demand the position of the front end of the train at the time of the demand shall be indicated on the dmi this shall be possible while the train is moving or stationary,4.7.3.2,0,0.607867963,0,0,220,M
289,16176,the driver shall know the distance to the next point defining the indicated braking curve and the permitted speed allowed this shall be shown to the driver in a way that is understandable and logical,4.3.6.4,when the traction unit is stationary the driver shall be required to acknowledge the train trip condition this acknowledgement will release the emergency brake,4.6.12.4,0,0.48697361,0,0,221,M
187,5995,the driver shall be able to consult train data when the train is stationary or moving,4.1.2.9,the driver shall be able to use the reversing function without needing to re-confirm the train data,4.9.10.5,0,0.514904272,0,0,222,M
306,6629,the entry of driver identification and the selection of the language shall be possible,4.1.2.14a,the information regarding lowering and raising of the pantograph and opening/closing of the circuit breaker shall be provided separately and in combinations,4.8.1.6,0,0.483901037,0,0,223,M
189,5467,the driver shall be able to select train data entry on the dmi,4.1.2.2,after the acknowledgement the driver shall be able to continue the movement,4.6.12.5a,0,0.514734963,0,0,224,M
382,13722,the train shall as a minimum be supervised to a ceiling speed; the supervised speed shall not be shown on the dmi unless selected by the driver,4.2.3.6b,"when the train is stationary or after a certain time (eg the time for ""route releasing"" of the overlap the release speed calculation shall be based on the distance to the danger point (if calculated on-board) the condition for this change shall be defined for each target as infrastructure data",4.3.3.3,0,0.468596344,0,0,225,M
19602,721,etcs is required to be functional to a maximum train speed of 500 km/h,3.1.1.10,information received shall not influence the traction unit(s) with in-operative cabs,4.4.1.2,0,0,0,0,226,M
232,15471,"when the train is stationary or after a certain time (eg the time for ""route releasing"" of the overlap the release speed calculation shall be based on the distance to the danger point (if calculated on-board) the condition for this change shall be defined for each target as infrastructure data",4.3.3.3,the driver shall be able to override the function when the train is stationary,4.6.4.2,0,0.502853608,0,0,227,M
19621,4655,at start up the on board equipment shall perform an automatic self-test,4.1.1.3a,train data may be entered automatically from a railway management system or from train memory,4.1.2.5a,0,0,0,0,228,M
19571,1866,etcs shall be compatible with existing national systems listed in the ccs tsi such that it does not interfere with the national systems and is not interfered with by the national systems,3.7.1.1,standardised output interfaces shall enable transmission of information recorded to other media for investigation,4.3.10.4a,0,0.018164986,0,0,229,M
117,11225,isolation of the etcs trainborne equipment shall disconnect the etcs trainborne equipment from the vehicle braking system,4.1.6.6,the etcs trainborne equipment shall be able to determine the location of the entire train,4.3.4.1,0,0.545882762,0,0,230,M
160,18622,the emergency stop shall be indicated to the driver on the dmi,4.6.4.8,the driver shall be able to override the function when the train is stationary,4.6.4.2,0,0.524757131,0,0,231,M
310,15767,on lines fitted with rbc the etcs trainborne equipment shall be able to transmit the location of the entire train to the rbc,4.3.4.2,the following train data shall be sent from the on board to the trackside,4.9.9.2,0,0.483416714,0,0,232,M
196,18779,the driver shall be able to override the function when the train is stationary,4.6.4.2,the on board shall be capable of sending train data to the trackside after confirmation by the driver or when entering the rbc area,4.9.9.1,0,0.512149199,0,0,233,M
312,10964,the etcs trainborne equipment shall be capable of being isolated,4.1.6.1a,the etcs trainborne equipment shall be able to determine the location of the entire train,4.3.4.1,0,0.483083528,0,0,234,M
256,15616,the etcs trainborne equipment shall be able to determine the location of the entire train,4.3.4.1,if the train or the shunting movement exceeds the permitted ceiling speed by a certain harmonised margin the trainborne equipment shall execute a brake intervention until the actual speed does not exceed permitted speed; then the driver shall be able to release the brake,4.3.7.3,0,0.496036193,0,0,235,M
325,1637,the driver shall acknowledge the level transitions if requested from trackside if the driver does not acknowledge after the transition the brake shall be applied if the driver acknowledges afterwards the brake can be released,3.2.1.5,the target distance shall not be shown on the dmi unless selected by the driver,4.2.3.6c,0,0.480893477,0,0,236,M
19569,5706,train data may be entered automatically from a railway management system or from train memory,4.1.2.5a,the trainborne equipment shall remain in full supervision until the trainborne equipment is not active any longer when shunting is selected or when partial supervision information is received,4.1.5.5,0,0.018343727,0,0,237,M
226,7365,if the onboard fails to contact the rbc when awakening the driver shall be asked to enter the rbc contact details,4.1.2.17,on lines fitted with rbc the etcs trainborne equipment shall be able to transmit the location of the entire train to the rbc,4.3.4.2,0,0.503102612,0,0,238,M
19640,7071,the following data may be entered manually by the driver or from train memory,4.1.2.16,standardised output interfaces shall enable transmission of information recorded to other media for investigation,4.3.10.4a,0,0,0,0,239,M
337,13112,the target distance to be displayed on the dmi shall be based on the most restrictive braking curve,4.2.2.2,on demand the position of the front end of the train at the time of the demand shall be indicated on the dmi this shall be possible while the train is moving or stationary,4.7.3.2,0,0.479178437,0,0,240,M
352,16546,if the train or the shunting movement exceeds the permitted ceiling speed by a certain harmonised margin the trainborne equipment shall execute a brake intervention until the actual speed does not exceed permitted speed; then the driver shall be able to release the brake,4.3.7.3,when the traction unit has come to a standstill the driver shall be able to release the emergency brake,4.3.9.2,0,0.476077604,0,0,241,M
342,18341,the supervised speed shall not be shown on the dmi,4.5.2.5b,on demand the position of the front end of the train at the time of the demand shall be indicated on the dmi this shall be possible while the train is moving or stationary,4.7.3.2,0,0.478237765,0,0,242,M
130,16195,the driver shall know the distance to the next point defining the indicated braking curve and the permitted speed allowed this shall be shown to the driver in a way that is understandable and logical,4.3.6.4,the driver shall be able to confirm the train integrity to the rbc manually the confirmation requires the train to be stationary,4.9.5.4,0,0.541508055,0,0,243,M
275,19145,on demand the position of the front end of the train at the time of the demand shall be indicated on the dmi this shall be possible while the train is moving or stationary,4.7.3.2,when the plain text message appears on the dmi the driver shall be alerted,4.8.8.3,0,0.490919886,0,0,244,M
19645,7193,"the following data may be entered manually by the driver provided by external sources
",4.1.2.16,this static train speed profile shall also respect maximum line speed and track speed and special speed levels for special classes of trains,4.3.1.2b,0,0,0,0,245,M
60,18760,the driver shall be able to override the function when the train is stationary,4.6.4.2,after the acknowledgement the driver shall be able to continue the movement,4.6.12.5a,0,0.58836359,0,0,246,M
398,4967,the test shall require no action on the part of the driver,4.1.1.4b,when the plain text message appears on the dmi the driver shall be alerted,4.8.8.3,0,0.465989097,0,0,247,M
19574,7533,an etcs equipped traction unit shall be capable of being moved in shunting without train data track data or movement authority,4.1.3.1,if decided by a national value the driver may release the etcs emergency brake when the actual speed is below the permitted speed,4.3.7.4c,0,0.017908367,0,0,248,M
19657,10260,it shall be possible to order a train trip when passing a stop signal,4.1.4.7,the ceiling speed value for the unfitted operation is determined by the lower value out of,4.1.8.4,0,0,0,0,249,M
19641,7148,"the following data may be entered manually by the driver provided by external sources
",4.1.2.16,etcs shall supervise shunting operation to a permitted national speed value,4.1.3.5a,0,0,0,0,250,M
267,9771,in partial supervision the train shall be supervised according to train speed and distance data available,4.1.4.4a,it shall be possible to drive the train backwards in a supervised way (speed and distance) according to information received from trackside,4.4.7.1,0,0.49277074,0,0,251,M
182,11186,isolation of the etcs trainborne equipment shall disconnect the etcs trainborne equipment from the vehicle braking system,4.1.6.6,the etcs trainborne equipment shall be capable of receiving information from the national train control systems by means of the stm,4.1.7.1,0,0.517906519,0,0,252,M
19609,3062,during the transition period between two operational states (including two different national operations) the supervision provided shall at least ensure the same protection provided by the least restrictive state,3.9.1.3,train data may be entered automatically from a railway management system or from train memory,4.1.2.5a,0,0,0,0,253,M
321,7408,if the onboard fails to contact the rbc when awakening the driver shall be asked to enter the rbc contact details,4.1.2.17,the emergency stop shall be indicated to the driver on the dmi,4.6.4.8,0,0.480989003,0,0,254,M
354,15500,"when the train is stationary or after a certain time (eg the time for ""route releasing"" of the overlap the release speed calculation shall be based on the distance to the danger point (if calculated on-board) the condition for this change shall be defined for each target as infrastructure data",4.3.3.3,the new target location shall be checked for acceptance by the on board,4.9.10.3,0,0.475345149,0,0,255,M
19625,5705,train data may be entered automatically from a railway management system or from train memory,4.1.2.5a,full supervision shall provide supervision of speed and distance,4.1.5.4,0,0,0,0,256,M
19578,1641,the driver shall acknowledge the level transitions if requested from trackside if the driver does not acknowledge after the transition the brake shall be applied if the driver acknowledges afterwards the brake can be released,3.2.1.5,this static train speed profile shall also respect maximum line speed and track speed and special speed levels for special classes of trains,4.3.1.2b,0,0.016738071,0,0,257,M
19671,12363,it shall be possible to send information on adhesion conditions from trackside,4.1.1.3a,if decided by a national value the driver may release the etcs emergency brake when the actual speed is below the permitted speed,4.3.7.4c,0,0,0,0,258,M
263,5967,the driver shall be able to consult train data when the train is stationary or moving,4.1.2.9,when the traction unit is stationary the driver shall be required to acknowledge the train trip condition this acknowledgement will release the emergency brake,4.6.12.4,0,0.493486804,0,0,259,M
298,1560,the driver shall acknowledge the level transitions if requested from trackside if the driver does not acknowledge after the transition the brake shall be applied if the driver acknowledges afterwards the brake can be released,3.2.1.5,if as a result of an automatic transition except for transitions to and from national operation (stm) the responsibility for the driver increases the etcs shall seek an acknowledgement from the driver whether the train is stationary or not,3.9.1.2c,0,0.485094979,0,0,260,M
19686,16750,if decided by a national value the driver may release the etcs emergency brake when the actual speed is below the permitted speed,4.3.7.4c,it shall be possible to send fixed text messages from track to train,4.8.9.1,0,0,0,0,261,M
212,15658,the etcs trainborne equipment shall be able to determine the location of the entire train,4.3.4.1,after the acknowledgement the driver shall be able to continue the movement,4.6.12.5a,0,0.506443214,0,0,262,M
364,13945,on request of the rbc the driver shall have the possibility to confirm that the track ahead of him until the end of the on sight section is clear,4.2.3.6d,the driver shall know the distance to the next point defining the indicated braking curve and the permitted speed allowed this shall be shown to the driver in a way that is understandable and logical,4.3.6.4,0,0.473595195,0,0,263,M
184,1993,the etcs trainborne equipment shall be capable of supervising the following operational states,3.9.1.1,the etcs trainborne equipment shall be capable of receiving information from the national train control systems by means of the stm,4.1.7.1,0,0.517282042,0,0,264,M
59,18638,the emergency stop shall be indicated to the driver on the dmi,4.6.4.8,when the plain text message appears on the dmi the driver shall be alerted,4.8.8.3,0,0.58836359,0,0,265,M
114,18426,if supervised by an rbc it shall be possible to command an emergency stop to all trains in a particular area or to a specific train,4.6.4.1a,it shall be possible to command an immediate train stop,4.6.4.1b,0,0.547913354,0,0,266,M
19581,14271,this static train speed profile shall also respect maximum line speed and track speed and special speed levels for special classes of trains,4.3.1.2b,when the traction unit has come to a standstill the driver shall be able to release the emergency brake,4.3.9.2,0,0.016153663,0,0,267,M
254,13093,the target distance to be displayed on the dmi shall be based on the most restrictive braking curve,4.2.2.2,the supervised speed shall not be shown on the dmi,4.5.2.5b,0,0.496215752,0,0,268,M
19636,5813,train data may be entered automatically from a railway management system or from train memory,4.1.2.5a,the onboard equipment shall display plain text messages as received,4.8.8.5,0,0,0,0,269,M
102,17053,when the traction unit has come to a standstill the driver shall be able to release the emergency brake,4.3.9.2,the driver shall be able to confirm the train integrity to the rbc manually the confirmation requires the train to be stationary,4.9.5.4,0,0.556657581,0,0,270,M
96,13144,the target distance to be displayed on the dmi shall be based on the most restrictive braking curve,4.2.2.2,the occurrence of a failure shall be displayed on the dmi,5.2.1.2a,0,0.562359522,0,0,271,M
122,19024,after the acknowledgement the driver shall be able to continue the movement,4.6.12.5a,the driver shall be able to use the reversing function without needing to re-confirm the train data,4.9.10.5,0,0.54350531,0,0,272,M
353,5389,the driver shall be able to select train data entry on the dmi,4.1.2.2,the target distance to be displayed on the dmi shall be based on the most restrictive braking curve,4.2.2.2,0,0.475786303,0,0,273,M
283,3751,the current operational status shall be indicated to the driver on the dmi,3.9.1.6,the on board shall be capable of sending train data to the trackside after confirmation by the driver or when entering the rbc area,4.9.9.1,0,0.488943005,0,0,274,M
19669,12050,the ceiling speed value for the unfitted operation is determined by the lower value out of,4.1.8.4,it shall be possible to send fixed text messages from track to train,4.8.9.1,0,0,0,0,275,A
19668,12046,the ceiling speed value for the unfitted operation is determined by the lower value out of,4.1.8.4,it shall be possible to send plain text messages from track to train,4.8.8.1,0,0,0,0,276,A
349,15435,"when the train is stationary or after a certain time (eg the time for ""route releasing"" of the overlap the release speed calculation shall be based on the distance to the danger point (if calculated on-board) the condition for this change shall be defined for each target as infrastructure data",4.3.3.3,if the train or the shunting movement exceeds the permitted ceiling speed by a certain harmonised margin the trainborne equipment shall execute a brake intervention until the actual speed does not exceed permitted speed; then the driver shall be able to release the brake,4.3.7.3,0,0.477310548,0,0,277,A
291,9871,the train shall have the capability of being supervised to a ceiling speed,4.1.4.4b,when changing to a higher speed level the rear end of the train shall respect the static train speed profile,4.3.2.2b,0,0.486812078,0,0,278,A
314,7436,if the onboard fails to contact the rbc when awakening the driver shall be asked to enter the rbc contact details,4.1.2.17,the on board shall be capable of sending train data to the trackside after confirmation by the driver or when entering the rbc area,4.9.9.1,0,0.482978642,0,0,279,A
19639,7005,the following data may be entered manually by the driver or from train memory,4.1.2.16,full supervision shall provide supervision of speed and distance,4.1.5.4,0,0,0,0,280,A
19562,9156,exit from shunting shall take place when the driver selects exit from shunting,4.1.3.8b,this static train speed profile shall also respect maximum line speed and track speed and special speed levels for special classes of trains,4.3.1.2b,0,0.018964227,0,0,281,A
217,19153,on demand the position of the front end of the train at the time of the demand shall be indicated on the dmi this shall be possible while the train is moving or stationary,4.7.3.2,the driver shall be able to confirm the train integrity to the rbc manually the confirmation requires the train to be stationary,4.9.5.4,0,0.504426999,0,0,282,A
19675,13492,before entering an occupied track a driver acknowledgement shall be requested,4.2.3.4,the etcs trainborne equipment calculates the static train speed profile on the basis of infrastructure data and train data,4.3.1.4a,0,0,0,0,283,A
19550,10390,transferring to full supervision shall occur automatically when a movement authority and all other necessary information is received through track-to-train transmission,4.1.5.1a,isolation of the etcs trainborne equipment shall disconnect the etcs trainborne equipment from the vehicle braking system,4.1.6.6,0,0.01955682,0,0,284,A
161,18648,the emergency stop shall be indicated to the driver on the dmi,4.6.4.8,the following train data shall be sent from the on board to the trackside,4.9.9.2,0,0.524757131,0,0,285,A
19691,17120,after releasing the emergency brake etcs will provide the supervision appertaining when roll away protection was initiated,4.3.9.3,it shall be possible to send fixed text messages from track to train,4.8.9.1,0,0,0,0,286,A
58,5458,the driver shall be able to select train data entry on the dmi,4.1.2.2,the emergency stop shall be indicated to the driver on the dmi,4.6.4.8,0,0.588391592,0,0,287,A
19656,8666,etcs shall supervise shunting operation to a permitted national speed value,4.1.3.5a,the distance supervised can be extended from the trackside,4.9.10.7,0,0,0,0,288,A
285,18182,when the train passes the stop signal the train trip function shall be suppressed,4.5.2.3,on demand the position of the front end of the train at the time of the demand shall be indicated on the dmi this shall be possible while the train is moving or stationary,4.7.3.2,0,0.488537052,0,0,289,A
93,7900,to prevent unauthorised use of the function permission shall be obtained from the rbc if the train is operating under the control of the rbc,4.1.3.2c,the driver shall be able to confirm the train integrity to the rbc manually the confirmation requires the train to be stationary,4.9.5.4,0,0.563084639,0,0,290,A
19646,7229,"the following data may be entered manually by the driver provided by external sources
",4.1.2.16,standardised output interfaces shall enable transmission of information recorded to other media for investigation,4.3.10.4a,0,0,0,0,291,A
155,15496,"when the train is stationary or after a certain time (eg the time for ""route releasing"" of the overlap the release speed calculation shall be based on the distance to the danger point (if calculated on-board) the condition for this change shall be defined for each target as infrastructure data",4.3.3.3,the on board shall be capable of sending train data to the trackside after confirmation by the driver or when entering the rbc area,4.9.9.1,0,0.526549711,0,0,292,A
19677,13532,before entering an occupied track a driver acknowledgement shall be requested,4.2.3.4,the train trip function,4.4.1.3,0,0,0,0,293,A
82,18628,the emergency stop shall be indicated to the driver on the dmi,4.6.4.8,after the acknowledgement the driver shall be able to continue the movement,4.6.12.5a,0,0.568264752,0,0,294,A
301,1528,the current application level shall be indicated on the dmi,3.2.1.3d,when the plain text message appears on the dmi the driver shall be alerted,4.8.8.3,0,0.484166354,0,0,295,A
157,15782,on lines fitted with rbc the etcs trainborne equipment shall be able to transmit the location of the entire train to the rbc,4.3.4.2,if there are failures of the trainborne equipment which compromise the safety of train supervision the etcs trainborne equipment shall immediately command the brake and bring the train to a stop,5.2.1.1,0,0.525859107,0,0,296,A
19665,11953,the ceiling speed value for the unfitted operation is determined by the lower value out of,4.1.8.4,it shall be possible to send information on adhesion conditions from trackside,4.1.1.3a,0,0,0,0,297,A
19552,5753,train data may be entered automatically from a railway management system or from train memory,4.1.2.5a,there shall be no discrepancy between the speed shown to the driver and the speed used for supervision of movement authorities and speed limits function,4.3.5.2,0,0.019498347,0,0,298,A
19570,3055,during the transition period between two operational states (including two different national operations) the supervision provided shall at least ensure the same protection provided by the least restrictive state,3.9.1.3,default values shall be harmonised values permanently stored in all ertms/etcs on board equipment,3.10.1.2,0,0.018271748,0,0,299,A