,index,comb_id,req1,req2,BinaryClass,MultiClass,PredictedLabel,Predict_Proba_Class_0,Predict_Proba_Class_1
0,129,3736.0,the current operational status shall be indicated to the driver on the dmi,on demand the position of the front end of the train at the time of the demand shall be indicated on the dmi this shall be possible while the train is moving or stationary,1,2.0,1,0.13,0.87
1,121,3661.0,the current operational status shall be indicated to the driver on the dmi,the target distance shall not be shown on the dmi unless selected by the driver,1,2.0,1,0.18,0.82
2,113,3729.0,the current operational status shall be indicated to the driver on the dmi,operation of the train trip shall be indicated on the dmi,1,2.0,1,0.17,0.83
3,27,6981.0,the following data may be entered manually by the driver or from train memory,"the following data may be entered manually by the driver provided by external sources
",1,3.0,1,0.13,0.87
4,281,3751.0,the current operational status shall be indicated to the driver on the dmi,the on board shall be capable of sending train data to the trackside after confirmation by the driver or when entering the rbc area,0,0.0,0,0.9,0.1
5,378,11316.0,the etcs trainborne equipment shall be capable of receiving information from the national train control systems by means of the stm,the dmi shall display or be compatible with information from national train control systems this may mean displaying the information shown by the national system,1,3.0,1,0.2,0.8
6,112,18426.0,if supervised by an rbc it shall be possible to command an emergency stop to all trains in a particular area or to a specific train,it shall be possible to command an immediate train stop,0,0.0,0,0.78,0.22
7,194,18779.0,the driver shall be able to override the function when the train is stationary,the on board shall be capable of sending train data to the trackside after confirmation by the driver or when entering the rbc area,0,0.0,0,0.94,0.06
8,86,18919.0,operation of the train trip shall be indicated on the dmi,the occurrence of a failure shall be displayed on the dmi,1,2.0,1,0.22,0.78
9,240,1707.0,the driver shall acknowledge the level transitions if requested from trackside if the driver does not acknowledge after the transition the brake shall be applied if the driver acknowledges afterwards the brake can be released,when the traction unit is stationary the driver shall be required to acknowledge the train trip condition this acknowledgement will release the emergency brake,1,2.0,0,0.78,0.22
10,323,1637.0,the driver shall acknowledge the level transitions if requested from trackside if the driver does not acknowledge after the transition the brake shall be applied if the driver acknowledges afterwards the brake can be released,the target distance shall not be shown on the dmi unless selected by the driver,0,0.0,1,0.39,0.61
11,80,18628.0,the emergency stop shall be indicated to the driver on the dmi,after the acknowledgement the driver shall be able to continue the movement,0,0.0,0,0.66,0.34
12,73,1413.0,the current application level shall be indicated on the dmi,partial supervision shall be indicated on the dmi,1,2.0,1,0.0,1.0
13,246,19686.0,if the train is equipped with two operational radios there shall be no performance penalty as a result of a transition from one rbc to another (train spacing and train speed,if the train is equipped with only one operational radio passing from one rbc to another shall still be possible but might result in a performance penalty,1,1.0,1,0.38,0.62
14,261,5967.0,the driver shall be able to consult train data when the train is stationary or moving,when the traction unit is stationary the driver shall be required to acknowledge the train trip condition this acknowledgement will release the emergency brake,0,0.0,0,0.85,0.15
15,279,16362.0,the driver shall have the possibility to select the language this does not concern non pre-defined texts sent from the trackside,the following train data shall be sent from the on board to the trackside,0,0.0,0,0.68,0.32
16,352,15500.0,"when the train is stationary or after a certain time (eg the time for ""route releasing"" of the overlap the release speed calculation shall be based on the distance to the danger point (if calculated on-board) the condition for this change shall be defined for each target as infrastructure data",the new target location shall be checked for acceptance by the on board,0,0.0,0,0.96,0.04
17,228,1534.0,the current application level shall be indicated on the dmi,information shall be shown on the dmi,1,3.0,1,0.01,0.99
18,158,18622.0,the emergency stop shall be indicated to the driver on the dmi,the driver shall be able to override the function when the train is stationary,0,0.0,0,0.88,0.12
19,241,11055.0,when the etcs trainborne equipment is isolated the system shall not show any etcs information other than the fact that the system is isolated,isolation of the etcs trainborne equipment shall disconnect the etcs trainborne equipment from the vehicle braking system,1,1.0,1,0.23,0.77
20,29,3675.0,the current operational status shall be indicated to the driver on the dmi,the release speed shall be indicated on the dmi,1,2.0,1,0.06,0.94
21,162,18664.0,the emergency stop shall be indicated to the driver on the dmi,the occurrence of a failure shall be displayed on the dmi,1,2.0,1,0.12,0.88
22,295,1663.0,the driver shall acknowledge the level transitions if requested from trackside if the driver does not acknowledge after the transition the brake shall be applied if the driver acknowledges afterwards the brake can be released,the driver shall have the possibility to select the language this does not concern non pre-defined texts sent from the trackside,0,0.0,0,0.83,0.17
23,7,15905.0,actual speed shall be indicated on the dmi,actual speed shall still be shown on the dmi,1,3.0,1,0.08,0.92
24,168,18764.0,the driver shall be able to override the function when the train is stationary,on demand the position of the front end of the train at the time of the demand shall be indicated on the dmi this shall be possible while the train is moving or stationary,0,0.0,0,0.72,0.28
25,266,13727.0,the train shall as a minimum be supervised to a ceiling speed; the supervised speed shall not be shown on the dmi unless selected by the driver,actual speed shall be indicated on the dmi,0,0.0,0,0.78,0.22
26,176,3627.0,the current operational status shall be indicated to the driver on the dmi,partial supervision shall be indicated on the dmi,1,2.0,1,0.01,0.99
27,211,13983.0,on request of the rbc the driver shall have the possibility to confirm that the track ahead of him until the end of the on sight section is clear,the emergency stop shall be indicated to the driver on the dmi,0,0.0,0,0.9,0.1
28,227,3768.0,the current operational status shall be indicated to the driver on the dmi,the occurrence of a failure shall be displayed on the dmi,1,2.0,1,0.07,0.93
29,123,11313.0,isolation of the etcs trainborne equipment shall disconnect the etcs trainborne equipment from the vehicle braking system,if there are failures of the trainborne equipment which compromise the safety of train supervision the etcs trainborne equipment shall immediately command the brake and bring the train to a stop,0,0.0,0,0.78,0.22
30,392,14717.0,when changing to a lower speed level the front end of the train shall respect the dynamic train speed profile,on demand the position of the front end of the train at the time of the demand shall be indicated on the dmi this shall be possible while the train is moving or stationary,0,0.0,0,0.93,0.07
31,119,17035.0,when the traction unit has come to a standstill the driver shall be able to release the emergency brake,after the acknowledgement the driver shall be able to continue the movement,0,0.0,0,0.9,0.1
32,385,15102.0,where failure to apply the full service brake is detected the emergency brake shall stop the train in rear of the danger point,when the traction unit is stationary the driver shall be required to acknowledge the train trip condition this acknowledgement will release the emergency brake,0,0.0,0,0.85,0.15
33,100,17053.0,when the traction unit has come to a standstill the driver shall be able to release the emergency brake,the driver shall be able to confirm the train integrity to the rbc manually the confirmation requires the train to be stationary,0,0.0,0,0.7,0.3
34,9,5962.0,the driver shall be able to consult train data when the train is stationary or moving,the driver shall be able to override the function when the train is stationary,1,1.0,0,0.72,0.28
35,143,1481.0,the current application level shall be indicated on the dmi,the roll away/reverse movement intervention shall be indicated on the dmi,1,2.0,1,0.01,0.99
36,174,19274.0,the etcs on-board shall be capable of receiving information regarding air tightness from the trackside,the etcs on-board shall be capable of sending to the trackside train integrity information detected by a system outside etcs,1,1.0,1,0.13,0.87
37,15,17558.0,it shall be possible to use multiple traction units without isolating the etcs trainborne equipment on traction unit(s) with an in-operative cab,it shall be possible to use tandem traction units without isolating the etcs trainborne equipment on the tandem traction unit,1,3.0,1,0.1,0.9
38,173,1522.0,the current application level shall be indicated on the dmi,on demand the position of the front end of the train at the time of the demand shall be indicated on the dmi this shall be possible while the train is moving or stationary,1,2.0,1,0.08,0.92
39,401,9749.0,in partial supervision the train shall be supervised according to train speed and distance data available,a train shall be supervised to its static and dynamic train speed profiles,1,3.0,1,0.34,0.66
40,331,2974.0,in case the transition has to be acknowledged and the driver fails to acknowledge as required the etcs shall initiate a brake application,when the traction unit has come to a standstill the driver shall be able to release the emergency brake,0,0.0,0,0.78,0.22
41,90,15275.0,the release speed shall be indicated on the dmi,actual speed shall still be shown on the dmi,1,2.0,1,0.04,0.96
42,217,16959.0,the roll away/reverse movement intervention shall be indicated on the dmi,operation of the train trip shall be indicated on the dmi,1,2.0,1,0.1,0.9
43,396,4967.0,the test shall require no action on the part of the driver,when the plain text message appears on the dmi the driver shall be alerted,0,0.0,0,0.89,0.11
44,224,7365.0,if the onboard fails to contact the rbc when awakening the driver shall be asked to enter the rbc contact details,on lines fitted with rbc the etcs trainborne equipment shall be able to transmit the location of the entire train to the rbc,0,0.0,0,0.82,0.18
45,104,16624.0,the driver shall be able to release an etcs emergency brake application when stationary,when the traction unit has come to a standstill the driver shall be able to release the emergency brake,1,2.0,0,0.63,0.37
46,280,18644.0,the emergency stop shall be indicated to the driver on the dmi,information shall be shown on the dmi,1,3.0,1,0.16,0.84
47,210,15658.0,the etcs trainborne equipment shall be able to determine the location of the entire train,after the acknowledgement the driver shall be able to continue the movement,0,0.0,0,0.93,0.07
48,6,12290.0,the etcs on-board shall be capable of receiving track description from the trackside,the etcs on-board shall be capable of receiving information regarding air tightness from the trackside,1,1.0,1,0.1,0.9
49,178,3725.0,the current operational status shall be indicated to the driver on the dmi,route unsuitability shall be indicated on the dmi,1,2.0,1,0.03,0.97
50,181,15302.0,the release speed shall be indicated on the dmi,when the plain text message appears on the dmi the driver shall be alerted,0,0.0,0,0.75,0.25
51,137,1708.0,the driver shall acknowledge the level transitions if requested from trackside if the driver does not acknowledge after the transition the brake shall be applied if the driver acknowledges afterwards the brake can be released,after the acknowledgement the driver shall be able to continue the movement,1,2.0,1,0.28,0.72
52,160,9861.0,the train shall have the capability of being supervised to a ceiling speed,the train shall as a minimum be supervised to a ceiling speed; the supervised speed shall not be shown on the dmi unless selected by the driver,1,3.0,0,0.65,0.35
53,183,8738.0,the supervised shunting speed shall be indicated to the driver on request,the driver shall know the distance to the next point defining the indicated braking curve and the permitted speed allowed this shall be shown to the driver in a way that is understandable and logical,1,2.0,1,0.15,0.85
54,312,7436.0,if the onboard fails to contact the rbc when awakening the driver shall be asked to enter the rbc contact details,the on board shall be capable of sending train data to the trackside after confirmation by the driver or when entering the rbc area,0,0.0,0,0.93,0.07
55,197,8015.0,permission received shall be indicated to the driver,the driver shall select an override control according to the permission received,0,0.0,1,0.43,0.57
56,287,16176.0,the driver shall know the distance to the next point defining the indicated braking curve and the permitted speed allowed this shall be shown to the driver in a way that is understandable and logical,when the traction unit is stationary the driver shall be required to acknowledge the train trip condition this acknowledgement will release the emergency brake,0,0.0,0,0.92,0.08
57,81,7812.0,to prevent unauthorised use of the function permission shall be obtained from the rbc if the train is operating under the control of the rbc,on request of the rbc the driver shall have the possibility to confirm that the track ahead of him until the end of the on sight section is clear,0,0.0,0,0.92,0.08
58,350,16546.0,if the train or the shunting movement exceeds the permitted ceiling speed by a certain harmonised margin the trainborne equipment shall execute a brake intervention until the actual speed does not exceed permitted speed; then the driver shall be able to release the brake,when the traction unit has come to a standstill the driver shall be able to release the emergency brake,0,0.0,0,0.78,0.22
59,296,1560.0,the driver shall acknowledge the level transitions if requested from trackside if the driver does not acknowledge after the transition the brake shall be applied if the driver acknowledges afterwards the brake can be released,if as a result of an automatic transition except for transitions to and from national operation (stm) the responsibility for the driver increases the etcs shall seek an acknowledgement from the driver whether the train is stationary or not,0,0.0,0,0.89,0.11
60,219,3726.0,the current operational status shall be indicated to the driver on the dmi,the driver shall be able to override the function when the train is stationary,0,0.0,0,0.87,0.13
61,179,3695.0,the current operational status shall be indicated to the driver on the dmi,the roll away/reverse movement intervention shall be indicated on the dmi,1,2.0,1,0.0,1.0
62,390,11871.0,the on board shall supervise the train against a ceiling speed,if the train or the shunting movement exceeds the permitted ceiling speed by a certain harmonised margin the trainborne equipment shall execute a brake intervention until the actual speed does not exceed permitted speed; then the driver shall be able to release the brake,1,2.0,1,0.48,0.52
63,2,15242.0,the release speed shall be indicated on the dmi,actual speed shall be indicated on the dmi,1,2.0,1,0.02,0.98
64,252,13093.0,the target distance to be displayed on the dmi shall be based on the most restrictive braking curve,the supervised speed shall not be shown on the dmi,0,0.0,0,0.89,0.11
65,115,11225.0,isolation of the etcs trainborne equipment shall disconnect the etcs trainborne equipment from the vehicle braking system,the etcs trainborne equipment shall be able to determine the location of the entire train,0,0.0,0,0.83,0.17
66,152,13940.0,on request of the rbc the driver shall have the possibility to confirm that the track ahead of him until the end of the on sight section is clear,on lines fitted with rbc the etcs trainborne equipment shall be able to transmit the location of the entire train to the rbc,1,2.0,1,0.26,0.74
67,141,13901.0,the target distance shall not be shown on the dmi unless selected by the driver,information shall be shown on the dmi,1,3.0,1,0.18,0.82
68,120,19024.0,after the acknowledgement the driver shall be able to continue the movement,the driver shall be able to use the reversing function without needing to re-confirm the train data,0,0.0,0,0.95,0.05
69,140,15308.0,the release speed shall be indicated on the dmi,information shall be shown on the dmi,1,3.0,1,0.03,0.97
70,159,18648.0,the emergency stop shall be indicated to the driver on the dmi,the following train data shall be sent from the on board to the trackside,0,0.0,0,0.8,0.2
71,175,3616.0,the current operational status shall be indicated to the driver on the dmi,permission received shall be indicated to the driver,1,2.0,1,0.16,0.84
72,347,15435.0,"when the train is stationary or after a certain time (eg the time for ""route releasing"" of the overlap the release speed calculation shall be based on the distance to the danger point (if calculated on-board) the condition for this change shall be defined for each target as infrastructure data",if the train or the shunting movement exceeds the permitted ceiling speed by a certain harmonised margin the trainborne equipment shall execute a brake intervention until the actual speed does not exceed permitted speed; then the driver shall be able to release the brake,0,0.0,0,0.83,0.17
73,21,12287.0,the etcs on-board shall be capable of receiving track description from the trackside,the etcs on-board shall be capable of receiving information about pantograph and power supply from the trackside,1,3.0,1,0.08,0.92
74,110,18216.0,actual speed shall still be shown on the dmi,a special indication shall be shown on the dmi,1,2.0,1,0.14,0.86
75,308,15767.0,on lines fitted with rbc the etcs trainborne equipment shall be able to transmit the location of the entire train to the rbc,the following train data shall be sent from the on board to the trackside,0,0.0,0,0.91,0.09
76,334,14028.0,on request of the rbc the driver shall have the possibility to confirm that the track ahead of him until the end of the on sight section is clear,the occurrence of a failure shall be displayed on the dmi,0,0.0,0,0.86,0.14
77,349,14148.0,etcs shall calculate the permitted speed for the train for all locations of the authorised movement,"when the train is stationary or after a certain time (eg the time for ""route releasing"" of the overlap the release speed calculation shall be based on the distance to the danger point (if calculated on-board) the condition for this change shall be defined for each target as infrastructure data",0,0.0,0,0.96,0.04
78,124,8026.0,permission received shall be indicated to the driver,the emergency stop shall be indicated to the driver on the dmi,1,2.0,1,0.27,0.73
79,245,11415.0,the etcs trainborne equipment shall be capable of receiving information from the national train control systems by means of the stm,the etcs on-board shall be capable of receiving information regarding air tightness from the trackside,1,2.0,1,0.36,0.64
80,244,10924.0,the etcs trainborne equipment shall be capable of being isolated,isolation of the etcs trainborne equipment shall disconnect the etcs trainborne equipment from the vehicle braking system,1,3.0,0,0.64,0.36
81,286,11573.0,unfitted operation shall be possible if ordered by trackside,unfitted operation shall be possible if selected by the driver at start up,1,3.0,1,0.21,0.79
82,212,9668.0,partial supervision shall be indicated on the dmi,information shall be shown on the dmi,1,3.0,1,0.03,0.97
83,272,5164.0,the dmi shall indicate the result of the self-test,the occurrence of a failure shall be displayed on the dmi,1,2.0,1,0.1,0.9
84,319,7408.0,if the onboard fails to contact the rbc when awakening the driver shall be asked to enter the rbc contact details,the emergency stop shall be indicated to the driver on the dmi,0,0.0,0,0.92,0.08
85,372,5972.0,the driver shall be able to consult train data when the train is stationary or moving,on demand the position of the front end of the train at the time of the demand shall be indicated on the dmi this shall be possible while the train is moving or stationary,1,3.0,0,0.81,0.19
86,148,16582.0,if the train or the shunting movement exceeds the permitted ceiling speed by a certain harmonised margin the trainborne equipment shall execute a brake intervention until the actual speed does not exceed permitted speed; then the driver shall be able to release the brake,after the acknowledgement the driver shall be able to continue the movement,1,1.0,1,0.29,0.71
87,274,11841.0,the on board shall supervise the train against a ceiling speed,the train shall as a minimum be supervised to a ceiling speed; the supervised speed shall not be shown on the dmi unless selected by the driver,1,3.0,0,0.63,0.37
88,32,19015.0,after the acknowledgement the driver shall be able to continue the movement,the driver shall be able to confirm the train integrity to the rbc manually the confirmation requires the train to be stationary,0,0.0,0,0.88,0.12
89,78,19512.0,the driver shall be able to confirm the train integrity to the rbc manually the confirmation requires the train to be stationary,the following train data shall be sent from the on board to the trackside,0,0.0,0,0.82,0.18
90,382,17033.0,when the traction unit has come to a standstill the driver shall be able to release the emergency brake,the emergency brake shall be applied until the traction unit is stationary,1,1.0,1,0.25,0.75
91,23,1461.0,the current application level shall be indicated on the dmi,the release speed shall be indicated on the dmi,1,2.0,1,0.02,0.98
92,0,19298.0,it shall be possible to send plain text messages from track to train,it shall be possible to send fixed text messages from track to train,1,3.0,1,0.15,0.85
93,340,18341.0,the supervised speed shall not be shown on the dmi,on demand the position of the front end of the train at the time of the demand shall be indicated on the dmi this shall be possible while the train is moving or stationary,0,0.0,1,0.42,0.58
94,265,9771.0,in partial supervision the train shall be supervised according to train speed and distance data available,it shall be possible to drive the train backwards in a supervised way (speed and distance) according to information received from trackside,0,0.0,0,0.67,0.33
95,10,18301.0,a special indication shall be shown on the dmi,information shall be shown on the dmi,1,3.0,1,0.3,0.7
96,132,9649.0,partial supervision shall be indicated on the dmi,operation of the train trip shall be indicated on the dmi,1,2.0,1,0.01,0.99
97,133,15919.0,actual speed shall be indicated on the dmi,operation of the train trip shall be indicated on the dmi,1,2.0,1,0.04,0.96
98,289,9871.0,the train shall have the capability of being supervised to a ceiling speed,when changing to a higher speed level the rear end of the train shall respect the static train speed profile,0,0.0,0,0.78,0.22
99,388,1447.0,the current application level shall be indicated on the dmi,the target distance shall not be shown on the dmi unless selected by the driver,1,2.0,1,0.11,0.89
100,85,1515.0,the current application level shall be indicated on the dmi,operation of the train trip shall be indicated on the dmi,1,2.0,1,0.03,0.97
101,310,10964.0,the etcs trainborne equipment shall be capable of being isolated,the etcs trainborne equipment shall be able to determine the location of the entire train,0,0.0,0,0.87,0.13
102,371,12301.0,the etcs on-board shall be capable of receiving track description from the trackside,the on board shall be capable of sending train data to the trackside after confirmation by the driver or when entering the rbc area,1,1.0,1,0.24,0.76
103,254,15616.0,the etcs trainborne equipment shall be able to determine the location of the entire train,if the train or the shunting movement exceeds the permitted ceiling speed by a certain harmonised margin the trainborne equipment shall execute a brake intervention until the actual speed does not exceed permitted speed; then the driver shall be able to release the brake,0,0.0,1,0.44,0.56
104,165,15652.0,the etcs trainborne equipment shall be able to determine the location of the entire train,the driver shall be able to override the function when the train is stationary,0,0.0,0,0.94,0.06
105,214,18733.0,route unsuitability shall be indicated on the dmi,information shall be shown on the dmi,1,3.0,1,0.01,0.99
106,198,8735.0,the supervised shunting speed shall be indicated to the driver on request,actual speed shall be indicated on the dmi,1,2.0,1,0.17,0.83
107,356,18899.0,operation of the train trip shall be indicated on the dmi,information shall be shown on the dmi,1,3.0,1,0.13,0.87
108,242,3918.0,the etcs on-board shall be capable of receiving national values from the trackside to adapt to national requirements,the etcs on-board shall be capable of receiving information regarding air tightness from the trackside,1,2.0,1,0.07,0.93
109,336,3930.0,the etcs on-board shall be capable of receiving national values from the trackside to adapt to national requirements,the following train data shall be sent from the on board to the trackside,1,1.0,1,0.12,0.88
110,193,19173.0,the etcs on-board shall be capable of receiving information about pantograph and power supply from the trackside,the etcs trainborne equipment shall indicate on the dmi the information regarding pantograph and power supply,1,3.0,1,0.06,0.94
111,33,8776.0,the supervised shunting speed shall be indicated to the driver on request,the emergency stop shall be indicated to the driver on the dmi,1,1.0,1,0.37,0.63
112,269,11322.0,the etcs trainborne equipment shall be capable of receiving information from the national train control systems by means of the stm,the etcs on-board shall be capable of receiving track description from the trackside,1,2.0,0,0.5,0.5
113,87,18632.0,the emergency stop shall be indicated to the driver on the dmi,on demand the position of the front end of the train at the time of the demand shall be indicated on the dmi this shall be possible while the train is moving or stationary,1,2.0,1,0.17,0.83
114,3,10114.0,the train shall leave partial supervision when the trainborne equipment is not operative any longer when shunting is selected or when full supervision is available,the trainborne equipment shall remain in full supervision until the trainborne equipment is not active any longer when shunting is selected or when partial supervision information is received,1,1.0,1,0.13,0.87
115,278,15476.0,"when the train is stationary or after a certain time (eg the time for ""route releasing"" of the overlap the release speed calculation shall be based on the distance to the danger point (if calculated on-board) the condition for this change shall be defined for each target as infrastructure data",when the traction unit is stationary the driver shall be required to acknowledge the train trip condition this acknowledgement will release the emergency brake,0,0.0,0,0.99,0.01
116,218,13596.0,the train shall be supervised according to train speed data available,the train shall as a minimum be supervised to a ceiling speed; the supervised speed shall not be shown on the dmi unless selected by the driver,1,3.0,0,0.54,0.46
117,222,1554.0,the current application level shall be indicated on the dmi,the occurrence of a failure shall be displayed on the dmi,1,2.0,1,0.02,0.98
118,125,9643.0,partial supervision shall be indicated on the dmi,the emergency stop shall be indicated to the driver on the dmi,1,2.0,1,0.02,0.98
119,177,3682.0,the current operational status shall be indicated to the driver on the dmi,actual speed shall be indicated on the dmi,1,2.0,1,0.02,0.98
120,216,13624.0,the train shall be supervised according to train speed data available,a train shall be supervised to its static and dynamic train speed profiles,1,2.0,1,0.49,0.51
121,330,5464.0,the driver shall be able to select train data entry on the dmi,operation of the train trip shall be indicated on the dmi,0,0.0,0,0.74,0.26
122,182,1993.0,the etcs trainborne equipment shall be capable of supervising the following operational states,the etcs trainborne equipment shall be capable of receiving information from the national train control systems by means of the stm,0,0.0,0,0.76,0.24
123,28,15765.0,on lines fitted with rbc the etcs trainborne equipment shall be able to transmit the location of the entire train to the rbc,the driver shall be able to confirm the train integrity to the rbc manually the confirmation requires the train to be stationary,1,2.0,1,0.26,0.74
124,25,16217.0,visual and acoustic warnings to the driver about possible intervention from etcs shall be given to enable the driver to react and avoid intervention,within the braking curve area a warning shall be given to the driver to enable him to react and avoid intervention from etcs equipment at least 5 sec before the intervention,1,3.0,1,0.11,0.89
125,215,19153.0,on demand the position of the front end of the train at the time of the demand shall be indicated on the dmi this shall be possible while the train is moving or stationary,the driver shall be able to confirm the train integrity to the rbc manually the confirmation requires the train to be stationary,0,0.0,0,0.94,0.06
126,17,15283.0,the release speed shall be indicated on the dmi,the emergency stop shall be indicated to the driver on the dmi,1,2.0,1,0.06,0.94
127,232,14445.0,the etcs trainborne equipment calculates the static train speed profile on the basis of infrastructure data and train data,if there are failures of the trainborne equipment which compromise the safety of train supervision the etcs trainborne equipment shall immediately command the brake and bring the train to a stop,1,3.0,0,0.63,0.37
128,304,6629.0,the entry of driver identification and the selection of the language shall be possible,the information regarding lowering and raising of the pantograph and opening/closing of the circuit breaker shall be provided separately and in combinations,0,0.0,0,0.74,0.26
129,264,18175.0,when the train passes the stop signal the train trip function shall be suppressed,operation of the train trip shall be indicated on the dmi,0,0.0,0,0.89,0.11
130,199,9615.0,partial supervision shall be indicated on the dmi,the roll away/reverse movement intervention shall be indicated on the dmi,1,2.0,1,0.0,1.0
131,31,17034.0,when the traction unit has come to a standstill the driver shall be able to release the emergency brake,when the traction unit is stationary the driver shall be required to acknowledge the train trip condition this acknowledgement will release the emergency brake,1,1.0,0,0.68,0.32
132,18,2496.0,if as a result of an automatic transition except for transitions to and from national operation (stm) the responsibility for the driver increases the etcs shall seek an acknowledgement from the driver whether the train is stationary or not,for transitions to and from national operation (stm) the etcs shall request an acknowledgement by the driver,1,1.0,1,0.46,0.54
133,97,15296.0,the release speed shall be indicated on the dmi,on demand the position of the front end of the train at the time of the demand shall be indicated on the dmi this shall be possible while the train is moving or stationary,1,2.0,1,0.18,0.82
134,273,19145.0,on demand the position of the front end of the train at the time of the demand shall be indicated on the dmi this shall be possible while the train is moving or stationary,when the plain text message appears on the dmi the driver shall be alerted,0,0.0,0,0.85,0.15
135,230,15471.0,"when the train is stationary or after a certain time (eg the time for ""route releasing"" of the overlap the release speed calculation shall be based on the distance to the danger point (if calculated on-board) the condition for this change shall be defined for each target as infrastructure data",the driver shall be able to override the function when the train is stationary,0,0.0,0,1.0,0.0
136,229,19489.0,information shall be shown on the dmi,the occurrence of a failure shall be displayed on the dmi,1,3.0,1,0.09,0.91
137,207,12299.0,the etcs on-board shall be capable of receiving track description from the trackside,the etcs on-board shall be capable of sending to the trackside train integrity information detected by a system outside etcs,1,1.0,1,0.18,0.82
138,4,9720.0,in partial supervision the train shall be supervised according to train speed and distance data available,the train shall be supervised according to train speed data available,1,2.0,1,0.21,0.79
139,345,5134.0,the dmi shall indicate the result of the self-test,the etcs trainborne equipment shall indicate on the dmi the information regarding pantograph and power supply,1,2.0,1,0.3,0.7
140,299,1528.0,the current application level shall be indicated on the dmi,when the plain text message appears on the dmi the driver shall be alerted,0,0.0,0,0.66,0.34
141,373,19331.0,when the plain text message appears on the dmi the driver shall be alerted,the on board shall be capable of sending train data to the trackside after confirmation by the driver or when entering the rbc area,0,0.0,0,0.8,0.2
142,341,8803.0,the supervised shunting speed shall be indicated to the driver on request,the driver shall be able to confirm the train integrity to the rbc manually the confirmation requires the train to be stationary,0,0.0,0,0.92,0.08
143,128,16195.0,the driver shall know the distance to the next point defining the indicated braking curve and the permitted speed allowed this shall be shown to the driver in a way that is understandable and logical,the driver shall be able to confirm the train integrity to the rbc manually the confirmation requires the train to be stationary,0,0.0,0,0.97,0.03
144,380,13722.0,the train shall as a minimum be supervised to a ceiling speed; the supervised speed shall not be shown on the dmi unless selected by the driver,"when the train is stationary or after a certain time (eg the time for ""route releasing"" of the overlap the release speed calculation shall be based on the distance to the danger point (if calculated on-board) the condition for this change shall be defined for each target as infrastructure data",0,0.0,0,0.97,0.03
145,263,5841.0,the driver shall be able to consult train data when the train is stationary or moving,stored train data shall be offered to the driver to be confirmed when data entry starts,1,3.0,1,0.15,0.85
146,180,11186.0,isolation of the etcs trainborne equipment shall disconnect the etcs trainborne equipment from the vehicle braking system,the etcs trainborne equipment shall be capable of receiving information from the national train control systems by means of the stm,0,0.0,0,0.86,0.14
147,106,3825.0,the etcs on-board shall be capable of receiving national values from the trackside to adapt to national requirements,the etcs on-board shall be capable of receiving track description from the trackside,1,2.0,1,0.07,0.93
148,255,19492.0,the etcs on-board shall be capable of sending to the trackside train integrity information detected by a system outside etcs,the on board shall be capable of sending train data to the trackside after confirmation by the driver or when entering the rbc area,1,2.0,1,0.35,0.65
149,213,15938.0,actual speed shall be indicated on the dmi,information shall be shown on the dmi,1,3.0,1,0.03,0.97
150,91,7900.0,to prevent unauthorised use of the function permission shall be obtained from the rbc if the train is operating under the control of the rbc,the driver shall be able to confirm the train integrity to the rbc manually the confirmation requires the train to be stationary,0,0.0,0,0.91,0.09
151,307,15741.0,on lines fitted with rbc the etcs trainborne equipment shall be able to transmit the location of the entire train to the rbc,the driver shall be able to override the function when the train is stationary,0,0.0,0,0.94,0.06
152,355,18334.0,the supervised speed shall not be shown on the dmi,operation of the train trip shall be indicated on the dmi,0,0.0,0,0.67,0.33
153,362,13945.0,on request of the rbc the driver shall have the possibility to confirm that the track ahead of him until the end of the on sight section is clear,the driver shall know the distance to the next point defining the indicated braking curve and the permitted speed allowed this shall be shown to the driver in a way that is understandable and logical,0,0.0,0,0.96,0.04
154,376,3748.0,the current operational status shall be indicated to the driver on the dmi,information shall be shown on the dmi,1,3.0,1,0.01,0.99
155,76,18625.0,the emergency stop shall be indicated to the driver on the dmi,operation of the train trip shall be indicated on the dmi,1,2.0,1,0.16,0.84
156,204,18960.0,when the traction unit is stationary the driver shall be required to acknowledge the train trip condition this acknowledgement will release the emergency brake,after the acknowledgement the driver shall be able to continue the movement,1,1.0,0,0.85,0.15
157,389,13921.0,the target distance shall not be shown on the dmi unless selected by the driver,the occurrence of a failure shall be displayed on the dmi,1,2.0,1,0.22,0.78
158,375,3759.0,the current operational status shall be indicated to the driver on the dmi,the driver shall be able to use the reversing function without needing to re-confirm the train data,0,0.0,0,0.96,0.04
159,201,16955.0,the roll away/reverse movement intervention shall be indicated on the dmi,route unsuitability shall be indicated on the dmi,1,2.0,1,0.0,1.0
160,111,3685.0,the current operational status shall be indicated to the driver on the dmi,the driver shall know the distance to the next point defining the indicated braking curve and the permitted speed allowed this shall be shown to the driver in a way that is understandable and logical,1,2.0,1,0.12,0.88
161,379,15138.0,where failure to apply the full service brake is detected the emergency brake shall stop the train in rear of the danger point,if there are failures of the trainborne equipment which compromise the safety of train supervision the etcs trainborne equipment shall immediately command the brake and bring the train to a stop,1,2.0,1,0.33,0.67
162,11,18887.0,operation of the train trip shall be indicated on the dmi,on demand the position of the front end of the train at the time of the demand shall be indicated on the dmi this shall be possible while the train is moving or stationary,1,2.0,1,0.13,0.87
163,283,18182.0,when the train passes the stop signal the train trip function shall be suppressed,on demand the position of the front end of the train at the time of the demand shall be indicated on the dmi this shall be possible while the train is moving or stationary,0,0.0,0,0.91,0.09
164,16,19175.0,the etcs on-board shall be capable of receiving information about pantograph and power supply from the trackside,the etcs on-board shall be capable of receiving information regarding air tightness from the trackside,1,2.0,1,0.04,0.96
165,1,14651.0,when changing to a lower speed level the front end of the train shall respect the dynamic train speed profile,when changing to a higher speed level the rear end of the train shall respect the static train speed profile,1,2.0,1,0.21,0.79
166,333,19184.0,the etcs on-board shall be capable of receiving information about pantograph and power supply from the trackside,the etcs on-board shall be capable of sending to the trackside train integrity information detected by a system outside etcs,1,3.0,1,0.09,0.91
167,247,13828.0,the target distance shall not be shown on the dmi unless selected by the driver,the release speed shall be indicated on the dmi,1,2.0,1,0.08,0.92
168,361,19277.0,the etcs on-board shall be capable of receiving information regarding air tightness from the trackside,the following train data shall be sent from the on board to the trackside,1,2.0,1,0.18,0.82
169,257,15751.0,on lines fitted with rbc the etcs trainborne equipment shall be able to transmit the location of the entire train to the rbc,on demand the position of the front end of the train at the time of the demand shall be indicated on the dmi this shall be possible while the train is moving or stationary,0,0.0,0,0.92,0.08
170,157,15662.0,the etcs trainborne equipment shall be able to determine the location of the entire train,on demand the position of the front end of the train at the time of the demand shall be indicated on the dmi this shall be possible while the train is moving or stationary,1,3.0,0,0.72,0.28
171,72,18270.0,a special indication shall be shown on the dmi,the supervised speed shall not be shown on the dmi,0,0.0,0,0.6,0.4
172,126,15913.0,actual speed shall be indicated on the dmi,the emergency stop shall be indicated to the driver on the dmi,1,2.0,1,0.02,0.98
173,139,15328.0,the release speed shall be indicated on the dmi,the occurrence of a failure shall be displayed on the dmi,1,2.0,1,0.02,0.98
174,344,13128.0,the target distance to be displayed on the dmi shall be based on the most restrictive braking curve,the following train data shall be sent from the on board to the trackside,0,0.0,0,0.97,0.03
175,147,5340.0,the driver shall be able to select train data entry on the dmi,stored train data shall be offered to the driver to be confirmed when data entry starts,1,3.0,1,0.39,0.61
176,196,7924.0,permission received shall be indicated to the driver,the supervised shunting speed shall be indicated to the driver on request,1,2.0,1,0.3,0.7
177,134,18714.0,route unsuitability shall be indicated on the dmi,operation of the train trip shall be indicated on the dmi,1,2.0,1,0.01,0.99
178,293,15330.0,if the release speed is calculated on board it shall ensure that the train will stop before reaching the danger point,"when the train is stationary or after a certain time (eg the time for ""route releasing"" of the overlap the release speed calculation shall be based on the distance to the danger point (if calculated on-board) the condition for this change shall be defined for each target as infrastructure data",1,3.0,0,0.93,0.07
179,335,13112.0,the target distance to be displayed on the dmi shall be based on the most restrictive braking curve,on demand the position of the front end of the train at the time of the demand shall be indicated on the dmi this shall be possible while the train is moving or stationary,0,0.0,0,0.93,0.07
180,354,7917.0,to prevent unauthorised use of the function permission shall be obtained from the rbc if the train is operating under the control of the rbc,if there are failures of the trainborne equipment which compromise the safety of train supervision the etcs trainborne equipment shall immediately command the brake and bring the train to a stop,0,0.0,0,0.96,0.04
181,185,5995.0,the driver shall be able to consult train data when the train is stationary or moving,the driver shall be able to use the reversing function without needing to re-confirm the train data,0,0.0,0,0.71,0.29
182,353,14010.0,on request of the rbc the driver shall have the possibility to confirm that the track ahead of him until the end of the on sight section is clear,the driver shall be able to confirm the train integrity to the rbc manually the confirmation requires the train to be stationary,1,2.0,1,0.26,0.74
183,153,15496.0,"when the train is stationary or after a certain time (eg the time for ""route releasing"" of the overlap the release speed calculation shall be based on the distance to the danger point (if calculated on-board) the condition for this change shall be defined for each target as infrastructure data",the on board shall be capable of sending train data to the trackside after confirmation by the driver or when entering the rbc area,0,0.0,0,0.92,0.08
184,368,3230.0,if an etcs equipped train passes a level transition to a line fitted with more than one level the onboard shall switch to the highest level according to the priority given by trackside for which it is equipped,if an etcs equipped train passes a level transition to one or more levels for which it is not equipped etcs shall initiate a brake application,1,1.0,1,0.06,0.94
185,291,15276.0,the release speed shall be indicated on the dmi,a special indication shall be shown on the dmi,1,2.0,1,0.11,0.89
186,351,5389.0,the driver shall be able to select train data entry on the dmi,the target distance to be displayed on the dmi shall be based on the most restrictive braking curve,0,0.0,0,0.96,0.04
187,127,18621.0,the emergency stop shall be indicated to the driver on the dmi,route unsuitability shall be indicated on the dmi,1,2.0,1,0.04,0.96
188,363,12320.0,it shall be possible to send information on adhesion conditions from trackside,it shall also be possible to allow the driver to change the adhesion conditions; in this case information from trackside has priority,1,3.0,1,0.12,0.88
189,75,1511.0,the current application level shall be indicated on the dmi,route unsuitability shall be indicated on the dmi,1,2.0,1,0.0,1.0
190,155,15782.0,on lines fitted with rbc the etcs trainborne equipment shall be able to transmit the location of the entire train to the rbc,if there are failures of the trainborne equipment which compromise the safety of train supervision the etcs trainborne equipment shall immediately command the brake and bring the train to a stop,0,0.0,0,0.81,0.19
191,329,6505.0,the entry of driver identification and the selection of the language shall be possible,to prevent unauthorised use of the function permission shall be obtained from the rbc if the train is operating under the control of the rbc,0,0.0,0,0.93,0.07
192,399,7827.0,to prevent unauthorised use of the function permission shall be obtained from the rbc if the train is operating under the control of the rbc,"when the train is stationary or after a certain time (eg the time for ""route releasing"" of the overlap the release speed calculation shall be based on the distance to the danger point (if calculated on-board) the condition for this change shall be defined for each target as infrastructure data",0,0.0,0,0.99,0.01
193,192,10088.0,this ceiling speed shall not be shown continually on the dmi but may be shown momentarily when selected by the driver,information shall be shown on the dmi,1,3.0,1,0.14,0.86
194,309,5119.0,the dmi shall indicate the result of the self-test,the emergency stop shall be indicated to the driver on the dmi,1,2.0,1,0.14,0.86
195,200,15885.0,actual speed shall be indicated on the dmi,the roll away/reverse movement intervention shall be indicated on the dmi,1,2.0,1,0.04,0.96
196,187,5467.0,the driver shall be able to select train data entry on the dmi,after the acknowledgement the driver shall be able to continue the movement,0,0.0,0,0.92,0.08
197,393,16581.0,if the train or the shunting movement exceeds the permitted ceiling speed by a certain harmonised margin the trainborne equipment shall execute a brake intervention until the actual speed does not exceed permitted speed; then the driver shall be able to release the brake,when the traction unit is stationary the driver shall be required to acknowledge the train trip condition this acknowledgement will release the emergency brake,1,1.0,0,0.7,0.3
198,74,1468.0,the current application level shall be indicated on the dmi,actual speed shall be indicated on the dmi,1,2.0,1,0.01,0.99
199,328,15468.0,"when the train is stationary or after a certain time (eg the time for ""route releasing"" of the overlap the release speed calculation shall be based on the distance to the danger point (if calculated on-board) the condition for this change shall be defined for each target as infrastructure data",the emergency stop shall be indicated to the driver on the dmi,0,0.0,0,0.97,0.03
200,83,13876.0,the target distance shall not be shown on the dmi unless selected by the driver,the emergency stop shall be indicated to the driver on the dmi,1,2.0,1,0.27,0.73
201,130,16953.0,the roll away/reverse movement intervention shall be indicated on the dmi,the emergency stop shall be indicated to the driver on the dmi,1,2.0,1,0.02,0.98
202,314,13838.0,the target distance shall not be shown on the dmi unless selected by the driver,the driver shall know the distance to the next point defining the indicated braking curve and the permitted speed allowed this shall be shown to the driver in a way that is understandable and logical,0,0.0,0,0.82,0.18
203,321,15738.0,on lines fitted with rbc the etcs trainborne equipment shall be able to transmit the location of the entire train to the rbc,the emergency stop shall be indicated to the driver on the dmi,0,0.0,0,0.95,0.05
204,12,1376.0,the current application level shall be indicated on the dmi,the current operational status shall be indicated to the driver on the dmi,1,2.0,1,0.02,0.98
205,94,13144.0,the target distance to be displayed on the dmi shall be based on the most restrictive braking curve,the occurrence of a failure shall be displayed on the dmi,0,0.0,0,0.9,0.1
206,144,8770.0,the supervised shunting speed shall be indicated to the driver on request,the supervised speed shall not be shown on the dmi,1,2.0,1,0.18,0.82
